Route_Name,Route_Link,Bus_Name,Bus_Type,Departing_Time,Duration,Reaching_Time,Star_Rating,Price,Seat_Availability
Tezpur to Guwahati,https://www.redbus.in/bus-tickets/tezpur-to-guwahati,Assam State Transport Corporation (ASTC) - 147480,Bharat Benz A/C Seater (2+2),05:00,04h 00m,09:00,3.7,INR 270,6 Seats available
Tezpur to Guwahati,https://www.redbus.in/bus-tickets/tezpur-to-guwahati,Assam State Transport Corporation (ASTC) - 153223,Bharat Benz A/C Seater (2+2),09:15,04h 15m,13:30,3.9,INR 298,21 Seats available
Tezpur to Guwahati,https://www.redbus.in/bus-tickets/tezpur-to-guwahati,Assam State Transport Corporation (ASTC) - 170878,Bharat Benz A/C Seater (2+2),10:35,04h 40m,15:15,4.6,INR 298,12 Seats available
Tezpur to Guwahati,https://www.redbus.in/bus-tickets/tezpur-to-guwahati,Assam State Transport Corporation (ASTC) - 157959,Bharat Benz A/C Seater (2+2),14:00,04h 30m,18:30,4.2,INR 298,29 Seats available
Tezpur to Guwahati,https://www.redbus.in/bus-tickets/tezpur-to-guwahati,Assam State Transport Corporation (ASTC) - 154930,Volvo AC Seater 2+2,15:45,04h 15m,20:00,3.7,INR 298,31 Seats available
Tezpur to Guwahati,https://www.redbus.in/bus-tickets/tezpur-to-guwahati,Assam State Transport Corporation (ASTC) - 161055,Volvo AC Seater 2+2,16:15,04h 15m,20:30,4.2,INR 298,22 Seats available
Tezpur to Guwahati,https://www.redbus.in/bus-tickets/tezpur-to-guwahati,NEELKANTH TRAVELS,A/C Seater Push Back (2+2),05:15,03h 15m,08:30,4.4,INR 300,23 Seats available
Tezpur to Guwahati,https://www.redbus.in/bus-tickets/tezpur-to-guwahati,MAA Anada (UNDER ASTC),AC Seater (2+2),05:20,03h 10m,08:30,3.4,INR 304.2,32 Seats available
Tezpur to Guwahati,https://www.redbus.in/bus-tickets/tezpur-to-guwahati,Kanchan Travels,AC Seater (2+2),05:30,03h 15m,08:45,4.2,INR 349,16 Seats available
Tezpur to Guwahati,https://www.redbus.in/bus-tickets/tezpur-to-guwahati,WARISPIYA TRAVELS,AC Seater (2+2),05:45,03h 15m,09:00,4.1,INR 360,23 Seats available
Tezpur to Guwahati,https://www.redbus.in/bus-tickets/tezpur-to-guwahati,Orient Transline,A/C Seater (2+1),05:55,03h 05m,09:00,4.1,INR 342.86,17 Seats available
Tezpur to Guwahati,https://www.redbus.in/bus-tickets/tezpur-to-guwahati,WARISPIYA TRAVELS,Bharat Benz A/C Seater (2+2),06:30,03h 55m,10:25,4.2,INR 360,31 Seats available
Tezpur to Guwahati,https://www.redbus.in/bus-tickets/tezpur-to-guwahati,Upasana Travels (Under ASTC),A/C Seater (2+2),06:35,04h 05m,10:40,3.0,INR 285,23 Seats available
Tezpur to Guwahati,https://www.redbus.in/bus-tickets/tezpur-to-guwahati,Orient Transline,A/C Seater (2+1),06:45,03h 25m,10:10,4.6,INR 361.9,18 Seats available
Tezpur to Guwahati,https://www.redbus.in/bus-tickets/tezpur-to-guwahati,Orient Transline,A/C Seater (2+1),07:20,03h 40m,11:00,3.9,INR 361.9,23 Seats available
Tezpur to Guwahati,https://www.redbus.in/bus-tickets/tezpur-to-guwahati,WARISPIYA TRAVELS,AC Seater (2+2),07:45,04h 15m,12:00,4.1,INR 360,30 Seats available
Tezpur to Guwahati,https://www.redbus.in/bus-tickets/tezpur-to-guwahati,Mahi Travels(Under ASTC),A/C Seater (2+2),08:00,03h 30m,11:30,4.6,379,28 Seats available
Tezpur to Guwahati,https://www.redbus.in/bus-tickets/tezpur-to-guwahati,Kalpana Travels,AC Seater (2+2),08:50,03h 40m,12:30,4.0,342,34 Seats available
Tezpur to Guwahati,https://www.redbus.in/bus-tickets/tezpur-to-guwahati,Mahalaxmi Travels,A/C Seater (2+2),09:45,03h 45m,13:30,3.9,INR 300,36 Seats available
Tezpur to Guwahati,https://www.redbus.in/bus-tickets/tezpur-to-guwahati,Pranjit Travels (Under ASTC),NON A/C Seater (2+1),11:30,05h 15m,16:45,4.3,INR 450,25 Seats available
Tezpur to Guwahati,https://www.redbus.in/bus-tickets/tezpur-to-guwahati,Chartered Bus - ASTC,A/C Seater Push Back (2+2),11:30,04h 45m,16:15,4.0,INR 485.57,7 Seats available
Tezpur to Guwahati,https://www.redbus.in/bus-tickets/tezpur-to-guwahati,Chartered Bus - ASTC,Volvo AC Seater Pushback 2+2,13:00,04h 00m,17:00,4.7,INR 389.13,27 Seats available
Tezpur to Guwahati,https://www.redbus.in/bus-tickets/tezpur-to-guwahati,SHIVAM TRAVELS,Bharat Benz A/C Seater (2+1),15:00,04h 15m,19:15,4.1,INR 360,34 Seats available
Tezpur to Guwahati,https://www.redbus.in/bus-tickets/tezpur-to-guwahati,Chartered Bus - ASTC,Volvo AC Seater Pushback 2+2,15:30,03h 45m,19:15,4.6,INR 389.13,23 Seats available
Tezpur to Guwahati,https://www.redbus.in/bus-tickets/tezpur-to-guwahati,BLUE HILL TRAVELS INDIA LIMITED,NON A/C Seater Semi Sleeper (2+1),21:30,06h 00m,03:30,3.0,INR 400,30 Seats available
Tezpur to Guwahati,https://www.redbus.in/bus-tickets/tezpur-to-guwahati,BLUE HILL TRAVELS INDIA LIMITED,NON A/C Seater Semi Sleeper (2+1),22:15,05h 30m,03:45,3.6,450,28 Seats available
Tezpur to Guwahati,https://www.redbus.in/bus-tickets/tezpur-to-guwahati,Pranjit Travels (Under ASTC),Non AC Seater (2+1),01:15,05h 15m,06:30,2.9,INR 450,2 Seats available
Tezpur to Guwahati,https://www.redbus.in/bus-tickets/tezpur-to-guwahati,DESTINY TRAVELS,NON A/C Seater (2+1),01:15,28h 45m,06:00,1.9,399,1 Seat available
Tezpur to Guwahati,https://www.redbus.in/bus-tickets/tezpur-to-guwahati,Puja (Kaybom),A/C Seater Push Back (2+2),06:10,03h 50m,10:00,2.8,314,35 Seats available
Tezpur to Guwahati,https://www.redbus.in/bus-tickets/tezpur-to-guwahati,Upasana Travels (Under ASTC),Non AC Seater (2+2),06:50,04h 10m,11:00,2.6,INR 290,15 Seats available
Tezpur to Guwahati,https://www.redbus.in/bus-tickets/tezpur-to-guwahati,Karisma (Aziba),NON A/C Seater (2+1),09:45,04h 25m,14:10,1.8,INR 350,22 Seats available
Tezpur to Guwahati,https://www.redbus.in/bus-tickets/tezpur-to-guwahati,Himalayan Travels,NON AC Seater / Sleeper 2+1,23:40,04h 20m,04:00,0,INR 500,31 Seats available
Guwahati to Tezpur,https://www.redbus.in/bus-tickets/guwahati-to-tezpur,Assam State Transport Corporation (ASTC) - 139846,Volvo AC Seater 2+2,06:10,03h 50m,10:00,4.2,INR 298,20 Seats available
Guwahati to Tezpur,https://www.redbus.in/bus-tickets/guwahati-to-tezpur,Assam State Transport Corporation (ASTC) - 149849,Volvo AC Seater 2+2,06:30,04h 15m,10:45,2.2,INR 298,20 Seats available
Guwahati to Tezpur,https://www.redbus.in/bus-tickets/guwahati-to-tezpur,Assam State Transport Corporation (ASTC) - 143955,Bharat Benz A/C Seater (2+2),07:00,04h 00m,11:00,4.1,INR 298,21 Seats available
Guwahati to Tezpur,https://www.redbus.in/bus-tickets/guwahati-to-tezpur,Assam State Transport Corporation (ASTC) - 154910,Bharat Benz A/C Seater (2+2),10:30,04h 30m,15:00,3.7,INR 298,28 Seats available
Guwahati to Tezpur,https://www.redbus.in/bus-tickets/guwahati-to-tezpur,Assam State Transport Corporation (ASTC) - 139720,Volvo AC Seater 2+2,13:45,04h 15m,18:00,4.2,INR 298,27 Seats available
Guwahati to Tezpur,https://www.redbus.in/bus-tickets/guwahati-to-tezpur,Chartered Bus - ASTC,Volvo AC Seater Pushback 2+2,06:15,04h 30m,10:45,4.6,INR 389.13,29 Seats available
Guwahati to Tezpur,https://www.redbus.in/bus-tickets/guwahati-to-tezpur,Pranjit Travels (Under ASTC),NON A/C Seater (2+1),06:30,05h 00m,11:30,3.2,INR 450,4 Seats available
Guwahati to Tezpur,https://www.redbus.in/bus-tickets/guwahati-to-tezpur,Chartered Bus - ASTC,A/C Seater Push Back (2+2),07:00,04h 00m,11:00,4.3,INR 485.57,26 Seats available
Guwahati to Tezpur,https://www.redbus.in/bus-tickets/guwahati-to-tezpur,Yatra Travels,NON A/C Seater (2+1),07:00,05h 00m,12:00,3.6,400,19 Seats available
Guwahati to Tezpur,https://www.redbus.in/bus-tickets/guwahati-to-tezpur,Chartered Bus - ASTC,Volvo AC Seater Pushback 2+2,07:30,04h 00m,11:30,4.7,INR 389.13,10 Seats available
Guwahati to Tezpur,https://www.redbus.in/bus-tickets/guwahati-to-tezpur,Pranjit Travels (Under ASTC),NON A/C Seater (2+1),07:45,05h 25m,13:10,3.1,INR 450,27 Seats available
Guwahati to Tezpur,https://www.redbus.in/bus-tickets/guwahati-to-tezpur,NEELKANTH TRAVELS,A/C Seater Push Back (2+2),09:05,05h 25m,14:30,3.7,INR 300,41 Seats available
Guwahati to Tezpur,https://www.redbus.in/bus-tickets/guwahati-to-tezpur,Mahi Travels(Under ASTC),A/C Seater (2+2),10:00,05h 00m,15:00,4.2,359,34 Seats available
Guwahati to Tezpur,https://www.redbus.in/bus-tickets/guwahati-to-tezpur,Kanchan Travels,AC Seater (2+2),10:45,05h 15m,16:00,3.9,INR 361,30 Seats available
Guwahati to Tezpur,https://www.redbus.in/bus-tickets/guwahati-to-tezpur,Orient Transline,A/C Seater (2+1),11:30,04h 00m,15:30,3.8,INR 380.95,27 Seats available
Guwahati to Tezpur,https://www.redbus.in/bus-tickets/guwahati-to-tezpur,Orient Transline,A/C Seater (2+1),12:15,04h 45m,17:00,5.0,INR 380.95,24 Seats available
Guwahati to Tezpur,https://www.redbus.in/bus-tickets/guwahati-to-tezpur,Yatra Travels,NON AC Seater/ Sleeper (2+1),20:00,04h 00m,00:00,3.7,400,47 Seats available
Guwahati to Tezpur,https://www.redbus.in/bus-tickets/guwahati-to-tezpur,Orient Transline,A/C Seater (2+1),13:00,04h 10m,17:10,4.2,INR 380.95,28 Seats available
Guwahati to Tezpur,https://www.redbus.in/bus-tickets/guwahati-to-tezpur,Mahi Travels(Under ASTC),A/C Seater (2+2),14:15,03h 35m,17:50,4.5,389,43 Seats available
Guwahati to Tezpur,https://www.redbus.in/bus-tickets/guwahati-to-tezpur,Mahalaxmi Travels,A/C Seater (2+2),14:35,03h 40m,18:15,3.8,INR 300,36 Seats available
Guwahati to Tezpur,https://www.redbus.in/bus-tickets/guwahati-to-tezpur,WARISPIYA TRAVELS,AC Seater (2+2),15:00,03h 40m,18:40,4.5,INR 360,36 Seats available
Guwahati to Tezpur,https://www.redbus.in/bus-tickets/guwahati-to-tezpur,WARISPIYA TRAVELS,AC Seater (2+2),15:35,03h 40m,19:15,3.9,INR 360,37 Seats available
Guwahati to Tezpur,https://www.redbus.in/bus-tickets/guwahati-to-tezpur,WARISPIYA TRAVELS,Bharat Benz A/C Seater (2+2),16:15,03h 25m,19:40,4.2,INR 360,34 Seats available
Guwahati to Tezpur,https://www.redbus.in/bus-tickets/guwahati-to-tezpur,Kalpana Travels,AC Seater (2+2),16:50,03h 25m,20:15,4.8,342,40 Seats available
Guwahati to Tezpur,https://www.redbus.in/bus-tickets/guwahati-to-tezpur,KIRAN TRAVELS,A/C Seater (2+1),20:40,03h 50m,00:30,3.1,500,29 Seats available
Guwahati to Tezpur,https://www.redbus.in/bus-tickets/guwahati-to-tezpur,Yatra Travels,NON AC Seater/ Sleeper (2+1),20:30,04h 30m,01:00,3.8,400,47 Seats available
Guwahati to Tezpur,https://www.redbus.in/bus-tickets/guwahati-to-tezpur,Yatra Travels,NON A/C Seater (2+1),18:00,05h 30m,23:30,3.7,400,31 Seats available
Guwahati to Tezpur,https://www.redbus.in/bus-tickets/guwahati-to-tezpur,Pranjit Travels (Under ASTC),A/C Seater / Sleeper (2+1),20:45,05h 45m,02:30,3.2,INR 500,44 Seats available
Guwahati to Tezpur,https://www.redbus.in/bus-tickets/guwahati-to-tezpur,Pranjit Travels (Under ASTC),NON A/C Seater (2+1),21:15,04h 30m,01:45,3.2,INR 450,36 Seats available
Guwahati to Tezpur,https://www.redbus.in/bus-tickets/guwahati-to-tezpur,Pranjit Travels (Under ASTC),NON A/C Seater (2+1),21:45,04h 15m,02:00,3.0,INR 450,28 Seats available
Guwahati to Tezpur,https://www.redbus.in/bus-tickets/guwahati-to-tezpur,PANKAJ TRAVELS,AC Seater (2+2),05:15,04h 45m,10:00,2.5,INR 350,24 Seats available
Guwahati to Tezpur,https://www.redbus.in/bus-tickets/guwahati-to-tezpur,Karisma (Aziba),NON A/C Seater (2+1),05:45,04h 55m,10:40,2.8,INR 350,18 Seats available
Guwahati to Tezpur,https://www.redbus.in/bus-tickets/guwahati-to-tezpur,BLUE HILL TRAVELS INDIA LIMITED,NON A/C Seater Semi Sleeper (2+1),20:00,05h 15m,01:15,2.9,400,31 Seats available
Guwahati to Tezpur,https://www.redbus.in/bus-tickets/guwahati-to-tezpur,MAA Anada (UNDER ASTC),AC Seater (2+2),09:30,05h 15m,14:45,2.9,INR 328.5,33 Seats available
Guwahati to Tezpur,https://www.redbus.in/bus-tickets/guwahati-to-tezpur,BLUE HILL TRAVELS INDIA LIMITED,NON A/C Seater Semi Sleeper (2+1),09:30,03h 30m,13:00,2.1,INR 350,31 Seats available
Guwahati to Tezpur,https://www.redbus.in/bus-tickets/guwahati-to-tezpur,NETWORK TRAVELS,NON A/C Seater Push Back (2+2),10:30,05h 45m,16:15,1.8,INR 250,7 Seats available
Guwahati to Tezpur,https://www.redbus.in/bus-tickets/guwahati-to-tezpur,Upasana Travels (Under ASTC),Non AC Seater (2+2),11:00,04h 00m,15:00,2.8,INR 290,20 Seats available
Guwahati to Tezpur,https://www.redbus.in/bus-tickets/guwahati-to-tezpur,Upasana Travels (Under ASTC),A/C Seater (2+2),11:30,04h 10m,15:40,1.6,INR 300,22 Seats available
Guwahati to Tezpur,https://www.redbus.in/bus-tickets/guwahati-to-tezpur,Puja (Kaybom),A/C Seater Push Back (2+2),17:20,03h 40m,21:00,3.6,314,39 Seats available
Guwahati to Tezpur,https://www.redbus.in/bus-tickets/guwahati-to-tezpur,RAYAN TRAVELS,Non A/C Seater / Sleeper (2+1),19:15,04h 44m,23:59,1.9,550,43 Seats available
Guwahati to Tezpur,https://www.redbus.in/bus-tickets/guwahati-to-tezpur,DESTINY TRAVELS,NON A/C Seater (2+1),18:45,28h 45m,23:30,1.8,408,1 Seat available
Guwahati to Tezpur,https://www.redbus.in/bus-tickets/guwahati-to-tezpur,Himalayan Travels,NON AC Seater / Sleeper 2+1,20:30,06h 00m,02:30,4.1,INR 500,31 Seats available
Guwahati to Tezpur,https://www.redbus.in/bus-tickets/guwahati-to-tezpur,Pranjit Travels (Under ASTC),Bharat Benz A/C Seater (2+1),21:30,05h 00m,02:30,0,INR 600,30 Seats available
Guwahati to Nagaon (Assam),https://www.redbus.in/bus-tickets/guwahati-to-nagaon,Assam State Transport Corporation (ASTC) - 149849,Volvo AC Seater 2+2,06:30,02h 30m,09:00,2.3,INR 191,22 Seats available
Guwahati to Nagaon (Assam),https://www.redbus.in/bus-tickets/guwahati-to-nagaon,Assam State Transport Corporation (ASTC) - 143955,Bharat Benz A/C Seater (2+2),07:00,02h 30m,09:30,3.9,INR 191,23 Seats available
Guwahati to Nagaon (Assam),https://www.redbus.in/bus-tickets/guwahati-to-nagaon,Assam State Transport Corporation (ASTC) - 154910,Bharat Benz A/C Seater (2+2),10:30,02h 30m,13:00,3.8,INR 191,30 Seats available
Guwahati to Nagaon (Assam),https://www.redbus.in/bus-tickets/guwahati-to-nagaon,Assam State Transport Corporation (ASTC) - 146146,Bharat Benz A/C Seater (2+2),13:00,03h 00m,16:00,4.0,INR 191,32 Seats available
Guwahati to Nagaon (Assam),https://www.redbus.in/bus-tickets/guwahati-to-nagaon,Assam State Transport Corporation (ASTC) - 146079,Bharat Benz A/C Seater (2+2),15:00,03h 00m,18:00,3.8,INR 191,32 Seats available
Guwahati to Nagaon (Assam),https://www.redbus.in/bus-tickets/guwahati-to-nagaon,Kareng Travels,Non AC Seater (2+1),05:00,02h 30m,07:30,4.7,INR 300,28 Seats available
Guwahati to Nagaon (Assam),https://www.redbus.in/bus-tickets/guwahati-to-nagaon,Chartered Bus - ASTC,Volvo AC Seater Pushback 2+2,06:15,03h 00m,09:15,4.9,INR 270.01,30 Seats available
Guwahati to Nagaon (Assam),https://www.redbus.in/bus-tickets/guwahati-to-nagaon,NETWORK TRAVELS,NON A/C Seater (2+2),06:30,03h 30m,10:00,3.7,INR 350,40 Seats available
Guwahati to Nagaon (Assam),https://www.redbus.in/bus-tickets/guwahati-to-nagaon,Chartered Bus - ASTC,Volvo AC Seater Pushback 2+2,07:30,02h 00m,09:30,4.7,INR 270.01,10 Seats available
Guwahati to Nagaon (Assam),https://www.redbus.in/bus-tickets/guwahati-to-nagaon,JOY HANUMAN,Non AC Seater (2+2),07:40,02h 50m,10:30,4.2,INR 200,25 Seats available
Guwahati to Nagaon (Assam),https://www.redbus.in/bus-tickets/guwahati-to-nagaon,NEELKANTH TRAVELS,A/C Seater Push Back (2+2),09:05,02h 55m,12:00,4.5,INR 250,41 Seats available
Guwahati to Nagaon (Assam),https://www.redbus.in/bus-tickets/guwahati-to-nagaon,MAA Anada (UNDER ASTC),AC Seater (2+2),09:30,03h 30m,13:00,3.3,INR 247.5,33 Seats available
Guwahati to Nagaon (Assam),https://www.redbus.in/bus-tickets/guwahati-to-nagaon,Kareng Travels,A/C Seater (2+1),09:30,03h 30m,13:00,4.6,INR 300,26 Seats available
Guwahati to Nagaon (Assam),https://www.redbus.in/bus-tickets/guwahati-to-nagaon,Mahi Travels(Under ASTC),A/C Seater (2+2),10:00,03h 30m,13:30,3.2,316,34 Seats available
Guwahati to Nagaon (Assam),https://www.redbus.in/bus-tickets/guwahati-to-nagaon,Kanchan Travels,AC Seater (2+2),10:45,03h 25m,14:10,3.9,INR 285,30 Seats available
Guwahati to Nagaon (Assam),https://www.redbus.in/bus-tickets/guwahati-to-nagaon,Orient Transline,A/C Seater (2+1),11:30,02h 55m,14:25,4.6,INR 333.33,37 Seats available
Guwahati to Nagaon (Assam),https://www.redbus.in/bus-tickets/guwahati-to-nagaon,Kareng Travels,Non AC Seater (2+2),11:45,03h 00m,14:45,4.6,266,45 Seats available
Guwahati to Nagaon (Assam),https://www.redbus.in/bus-tickets/guwahati-to-nagaon,Orient Transline,A/C Seater (2+1),12:15,02h 45m,15:00,4.1,INR 333.33,24 Seats available
Guwahati to Nagaon (Assam),https://www.redbus.in/bus-tickets/guwahati-to-nagaon,Anindita Travels,NON A/C Seater (2+1),12:30,03h 15m,15:45,4.1,360,37 Seats available
Guwahati to Nagaon (Assam),https://www.redbus.in/bus-tickets/guwahati-to-nagaon,Orient Transline,A/C Seater (2+1),13:00,02h 45m,15:45,3.4,INR 333.33,29 Seats available
Guwahati to Nagaon (Assam),https://www.redbus.in/bus-tickets/guwahati-to-nagaon,Mahi Travels(Under ASTC),A/C Seater (2+2),14:15,02h 00m,16:15,3.9,359,43 Seats available
Guwahati to Nagaon (Assam),https://www.redbus.in/bus-tickets/guwahati-to-nagaon,Mahalaxmi Travels,A/C Seater (2+2),14:35,02h 00m,16:35,4.2,INR 250,36 Seats available
Guwahati to Nagaon (Assam),https://www.redbus.in/bus-tickets/guwahati-to-nagaon,DESTINY TRAVELS,NON A/C Seater (2+1),18:45,27h 05m,21:50,1.9,428,1 Seat available
Guwahati to Nagaon (Assam),https://www.redbus.in/bus-tickets/guwahati-to-nagaon,TRINAYAN TRANSPORT (Under ASTC),A/C Seater (2+1),08:00,03h 30m,11:30,2.9,405,35 Seats available
Nagaon (Assam) to Guwahati,https://www.redbus.in/bus-tickets/nagaon-to-guwahati,Assam State Transport Corporation (ASTC) - 145920,Bharat Benz A/C Seater (2+2),07:20,02h 40m,10:00,3.6,INR 191,23 Seats available
Nagaon (Assam) to Guwahati,https://www.redbus.in/bus-tickets/nagaon-to-guwahati,Assam State Transport Corporation (ASTC) - 146078,Bharat Benz A/C Seater (2+2),08:15,02h 45m,11:00,4.2,INR 191,4 Seats available
Nagaon (Assam) to Guwahati,https://www.redbus.in/bus-tickets/nagaon-to-guwahati,Purple Wings Coaches,A/C Seater / Sleeper (2+1),04:05,02h 40m,06:45,4.8,INR 440,21 Seats available
Nagaon (Assam) to Guwahati,https://www.redbus.in/bus-tickets/nagaon-to-guwahati,MAA Anada (UNDER ASTC),AC Seater (2+2),06:25,02h 05m,08:30,4.3,INR 247.5,32 Seats available
Nagaon (Assam) to Guwahati,https://www.redbus.in/bus-tickets/nagaon-to-guwahati,NEELKANTH TRAVELS,A/C Seater Push Back (2+2),06:25,02h 05m,08:30,5.0,INR 250,26 Seats available
Nagaon (Assam) to Guwahati,https://www.redbus.in/bus-tickets/nagaon-to-guwahati,Kanchan Travels,AC Seater (2+2),06:30,02h 15m,08:45,4.8,INR 262,18 Seats available
Nagaon (Assam) to Guwahati,https://www.redbus.in/bus-tickets/nagaon-to-guwahati,Orient Transline,A/C Seater (2+1),07:00,02h 00m,09:00,4.1,INR 333.33,17 Seats available
Nagaon (Assam) to Guwahati,https://www.redbus.in/bus-tickets/nagaon-to-guwahati,Orient Transline,A/C Seater (2+1),08:00,02h 10m,10:10,3.4,INR 333.33,23 Seats available
Nagaon (Assam) to Guwahati,https://www.redbus.in/bus-tickets/nagaon-to-guwahati,Orient Transline,A/C Seater (2+1),08:50,02h 10m,11:00,3.6,INR 333.33,22 Seats available
Nagaon (Assam) to Guwahati,https://www.redbus.in/bus-tickets/nagaon-to-guwahati,Anindita Travels,NON A/C Seater (2+1),09:15,02h 15m,11:30,4.7,360,23 Seats available
Nagaon (Assam) to Guwahati,https://www.redbus.in/bus-tickets/nagaon-to-guwahati,Mahi Travels(Under ASTC),A/C Seater (2+2),09:10,02h 20m,11:30,4.7,349,35 Seats available
Nagaon (Assam) to Guwahati,https://www.redbus.in/bus-tickets/nagaon-to-guwahati,Mahalaxmi Travels,A/C Seater (2+2),10:55,02h 35m,13:30,4.3,INR 250,36 Seats available
Nagaon (Assam) to Guwahati,https://www.redbus.in/bus-tickets/nagaon-to-guwahati,NETWORK TRAVELS,NON A/C Seater (2+2),12:00,02h 30m,14:30,3.7,INR 350,40 Seats available
Nagaon (Assam) to Guwahati,https://www.redbus.in/bus-tickets/nagaon-to-guwahati,TRINAYAN TRANSPORT (Under ASTC),A/C Seater (2+1),12:15,02h 15m,14:30,3.9,405,25 Seats available
Nagaon (Assam) to Guwahati,https://www.redbus.in/bus-tickets/nagaon-to-guwahati,Chartered Bus - ASTC,Volvo AC Seater Pushback 2+2,14:30,02h 30m,17:00,4.5,INR 302.91,28 Seats available
Nagaon (Assam) to Guwahati,https://www.redbus.in/bus-tickets/nagaon-to-guwahati,SHIVAM TRAVELS,Bharat Benz A/C Seater (2+1),16:45,02h 30m,19:15,3.9,INR 300,37 Seats available
Nagaon (Assam) to Guwahati,https://www.redbus.in/bus-tickets/nagaon-to-guwahati,Chartered Bus - ASTC,Volvo AC Seater Pushback 2+2,17:00,02h 15m,19:15,4.7,INR 302.91,23 Seats available
Nagaon (Assam) to Guwahati,https://www.redbus.in/bus-tickets/nagaon-to-guwahati,Kareng Travels,Non AC Seater (2+2),07:15,02h 15m,09:30,1.8,285,35 Seats available
Nagaon (Assam) to Guwahati,https://www.redbus.in/bus-tickets/nagaon-to-guwahati,Puja (Kaybom),A/C Seater Push Back (2+2),07:50,02h 10m,10:00,2.0,314,40 Seats available
Nagaon (Assam) to Guwahati,https://www.redbus.in/bus-tickets/nagaon-to-guwahati,Kareng Travels,Bharat Benz A/C Seater (2+1),13:20,02h 40m,16:00,1.5,INR 300,27 Seats available
Nagaon (Assam) to Guwahati,https://www.redbus.in/bus-tickets/nagaon-to-guwahati,Kareng Travels,Non AC Seater (2+1),14:15,02h 30m,16:45,2.9,INR 300,32 Seats available
Nagaon (Assam) to Guwahati,https://www.redbus.in/bus-tickets/nagaon-to-guwahati,Christina Travels,NON A/C Seater (2+2),16:00,02h 20m,18:20,0,650,45 Seats available
Goalpara to Guwahati,https://www.redbus.in/bus-tickets/goalpara-to-guwahati,Assam State Transport Corporation (ASTC) - 141730,Bharat Benz A/C Seater (2+2),06:10,04h 00m,10:10,4.0,INR 233,12 Seats available
Jorhat to North Lakhimpur,https://www.redbus.in/bus-tickets/jorhat-to-north-lakhimpur,Assam State Transport Corporation (ASTC) - 142178,Bharat Benz A/C Seater (2+2),06:45,06h 15m,13:00,3.9,INR 405,1 Seat available
Jorhat to North Lakhimpur,https://www.redbus.in/bus-tickets/jorhat-to-north-lakhimpur,Padmanav Travels,NON A/C Seater Push Back (2+2),06:00,07h 45m,13:45,3.7,561,35 Seats available
Dhubri to Guwahati,https://www.redbus.in/bus-tickets/dhubri-to-guwahati,Yatra,Non AC Seater (2+2),20:15,07h 15m,03:30,2.3,INR 350,40 Seats available
Dhubri to Guwahati,https://www.redbus.in/bus-tickets/dhubri-to-guwahati,Rizwan Travels,A/C Seater (2+2),04:45,06h 45m,11:30,2.4,INR 340,33 Seats available
Dhubri to Guwahati,https://www.redbus.in/bus-tickets/dhubri-to-guwahati,Yatra,Non AC Seater (2+2),11:15,07h 30m,18:45,1.7,INR 300,41 Seats available
Dhubri to Guwahati,https://www.redbus.in/bus-tickets/dhubri-to-guwahati,Arifa Travels,Non AC Seater (2+2),05:30,05h 30m,11:00,1.9,INR 300,44 Seats available
Dhubri to Guwahati,https://www.redbus.in/bus-tickets/dhubri-to-guwahati,MAA MONOSHA TRAVELS,NON A/C Seater (2+1),20:00,07h 30m,03:30,2.2,INR 350,38 Seats available
Dhubri to Guwahati,https://www.redbus.in/bus-tickets/dhubri-to-guwahati,Rizwan Travels,Non AC Seater (2+2),12:30,07h 30m,20:00,2.4,INR 300,45 Seats available
Dhubri to Guwahati,https://www.redbus.in/bus-tickets/dhubri-to-guwahati,Maa monosha travels,Non AC Seater (2+2),06:15,07h 00m,13:15,1.7,INR 350,40 Seats available
Dhubri to Guwahati,https://www.redbus.in/bus-tickets/dhubri-to-guwahati,Rizwan Travels,Non AC Seater (2+2),12:15,07h 00m,19:15,2.4,INR 300,45 Seats available
Dhubri to Guwahati,https://www.redbus.in/bus-tickets/dhubri-to-guwahati,Yatra,Non AC Seater (2+2),13:15,07h 15m,20:30,2.2,INR 300,41 Seats available
Dhubri to Guwahati,https://www.redbus.in/bus-tickets/dhubri-to-guwahati,Arifa Travels,Non AC Seater (2+2),06:40,06h 50m,13:30,1.8,INR 300,44 Seats available
Jorhat to Dibrugarh,https://www.redbus.in/bus-tickets/jorhat-to-dibrugarh,Assam State Transport Corporation (ASTC) - 166131,Bharat Benz A/C Seater (2+2),07:20,04h 20m,11:40,4.3,INR 207,26 Seats available
Jorhat to Dibrugarh,https://www.redbus.in/bus-tickets/jorhat-to-dibrugarh,NETWORK TRAVELS,NON A/C Seater Push Back (2+1),04:01,04h 29m,08:30,4.3,300,1 Seat available
Jorhat to Dibrugarh,https://www.redbus.in/bus-tickets/jorhat-to-dibrugarh,Ankur Travels (Under ASTC),NON A/C Push Back (2+2),09:20,04h 20m,13:40,3.1,INR 250,31 Seats available
Jorhat to Dibrugarh,https://www.redbus.in/bus-tickets/jorhat-to-dibrugarh,Basudev Transline,A/C Seater (2+2),10:00,04h 10m,14:10,3.9,284,31 Seats available
Jorhat to Dibrugarh,https://www.redbus.in/bus-tickets/jorhat-to-dibrugarh,NETWORK TRAVELS,A/C Seater Push Back (2+2),12:15,03h 45m,16:00,3.6,350,37 Seats available
Jorhat to Dibrugarh,https://www.redbus.in/bus-tickets/jorhat-to-dibrugarh,Aroti Travels (Under ASTC),Non AC Seater (2+2),12:30,03h 50m,16:20,4.1,INR 250,37 Seats available
Jorhat to Dibrugarh,https://www.redbus.in/bus-tickets/jorhat-to-dibrugarh,NEELAKANTHA (RIYA),Tempo Traveler NON A/C,10:15,03h 00m,13:15,1.0,INR 250,20 Seats available
Jorhat to Dibrugarh,https://www.redbus.in/bus-tickets/jorhat-to-dibrugarh,GURUNANAK TRAVELS,NON A/C Seater (2+1),02:00,02h 00m,04:00,3.7,INR 500,22 Seats available
Jorhat to Dibrugarh,https://www.redbus.in/bus-tickets/jorhat-to-dibrugarh,Aniruddha Travels,AC Seater (2+2),11:45,04h 30m,16:15,3.7,INR 450,40 Seats available
Jorhat to Dibrugarh,https://www.redbus.in/bus-tickets/jorhat-to-dibrugarh,MADHURIKA TRAVELS,A/C Seater (2+1),12:45,04h 15m,17:00,3.9,INR 550,35 Seats available
Jorhat to Dibrugarh,https://www.redbus.in/bus-tickets/jorhat-to-dibrugarh,SHIVAM TRAVELS,Bharat Benz A/C Seater (2+1),13:30,03h 30m,17:00,4.2,INR 450,16 Seats available
Jorhat to Dibrugarh,https://www.redbus.in/bus-tickets/jorhat-to-dibrugarh,Bashudev Transline (Under ASTC),A/C Seater (2+1),14:10,03h 50m,18:00,4.2,INR 550,32 Seats available
Jorhat to Dibrugarh,https://www.redbus.in/bus-tickets/jorhat-to-dibrugarh,Christina Travels,NON A/C Seater (2+2),12:30,04h 00m,16:30,2.9,420,34 Seats available
North Lakhimpur to Jorhat,https://www.redbus.in/bus-tickets/north-lakhimpur-to-jorhat,Padmanav Travels,NON A/C Seater Push Back (2+2),05:30,08h 05m,13:35,3.6,561,41 Seats available
North Lakhimpur to Jorhat,https://www.redbus.in/bus-tickets/north-lakhimpur-to-jorhat,Priyanka,NON A/C Seater (2+1),17:30,11h 35m,05:05,3.7,INR 600,27 Seats available
North Lakhimpur to Sibsagar,https://www.redbus.in/bus-tickets/north-lakhimpur-to-sibsagar,Assam State Transport Corporation (ASTC) - 173044,Non AC Seater (2+2),13:00,03h 30m,16:30,3.2,INR 220,26 Seats available
Guwahati to Dhubri,https://www.redbus.in/bus-tickets/guwahati-to-dhubri,Yatra,Non AC Seater (2+2),08:15,07h 15m,15:30,2.3,INR 350,39 Seats available
Guwahati to Dhubri,https://www.redbus.in/bus-tickets/guwahati-to-dhubri,Rizwan Travels,A/C Seater (2+2),12:30,07h 00m,19:30,2.5,INR 350,28 Seats available
Guwahati to Dhubri,https://www.redbus.in/bus-tickets/guwahati-to-dhubri,Yatra,Non AC Seater (2+2),06:30,06h 15m,12:45,1.1,INR 300,41 Seats available
Guwahati to Dhubri,https://www.redbus.in/bus-tickets/guwahati-to-dhubri,Rizwan Travels,Non AC Seater (2+2),05:15,06h 15m,11:30,2.5,INR 300,45 Seats available
Guwahati to Dhubri,https://www.redbus.in/bus-tickets/guwahati-to-dhubri,Rizwan Travels,Non AC Seater (2+2),04:45,06h 15m,11:00,2.5,INR 300,45 Seats available
Guwahati to Dhubri,https://www.redbus.in/bus-tickets/guwahati-to-dhubri,MAA MONOSHA TRAVELS,NON A/C Seater (2+1),10:00,07h 30m,17:30,2.2,INR 350,38 Seats available
Dhekiajuli to Guwahati,https://www.redbus.in/bus-tickets/dhekiajuli-to-guwahati,Assam State Transport Corporation (ASTC) - 147480,Bharat Benz A/C Seater (2+2),05:55,03h 05m,09:00,3.6,INR 213,5 Seats available
Dhekiajuli to Guwahati,https://www.redbus.in/bus-tickets/dhekiajuli-to-guwahati,Volenath,Non AC Seater (2+2),05:30,04h 00m,09:30,1.5,INR 234,25 Seats available
Dhekiajuli to Guwahati,https://www.redbus.in/bus-tickets/dhekiajuli-to-guwahati,Upasana Travels (Under ASTC),A/C Seater (2+2),07:15,03h 25m,10:40,2.6,INR 235,21 Seats available
Dibrugarh to Jorhat,https://www.redbus.in/bus-tickets/dibrugarh-to-jorhat,Assam State Transport Corporation (ASTC) - 166134,Bharat Benz A/C Seater (2+2),10:30,05h 00m,15:30,4.1,INR 207,18 Seats available
Dibrugarh to Jorhat,https://www.redbus.in/bus-tickets/dibrugarh-to-jorhat,Bashudev Transline (Under ASTC),A/C Seater (2+1),06:45,03h 45m,10:30,4.1,INR 550,15 Seats available
Dibrugarh to Jorhat,https://www.redbus.in/bus-tickets/dibrugarh-to-jorhat,Aroti Travels (Under ASTC),Non AC Seater (2+2),06:51,03h 09m,10:00,3.9,INR 250,36 Seats available
Dibrugarh to Jorhat,https://www.redbus.in/bus-tickets/dibrugarh-to-jorhat,SHIVAM TRAVELS,Bharat Benz A/C Seater (2+1),07:30,03h 45m,11:15,4.7,INR 575,8 Seats available
Dibrugarh to Jorhat,https://www.redbus.in/bus-tickets/dibrugarh-to-jorhat,Chartered Bus - ASTC,A/C Seater Push Back (2+2),08:00,03h 00m,11:00,4.7,INR 647.8,21 Seats available
Dibrugarh to Jorhat,https://www.redbus.in/bus-tickets/dibrugarh-to-jorhat,Baikuntha Transport Service,Bharat Benz A/C Seater /Sleeper (2+1),19:30,03h 45m,23:15,3.1,400,48 Seats available
Dibrugarh to Jorhat,https://www.redbus.in/bus-tickets/dibrugarh-to-jorhat,Ankur Travels (Under ASTC),NON A/C Push Back (2+2),14:45,04h 45m,19:30,3.1,INR 250,37 Seats available
Dibrugarh to Jorhat,https://www.redbus.in/bus-tickets/dibrugarh-to-jorhat,Basudev Transline,A/C Seater (2+2),15:15,04h 25m,19:40,3.6,299,29 Seats available
Dibrugarh to Jorhat,https://www.redbus.in/bus-tickets/dibrugarh-to-jorhat,Trishul Transport Service,A/C Seater / Sleeper (2+1),19:15,03h 40m,22:55,3.8,509,49 Seats available
Dibrugarh to Jorhat,https://www.redbus.in/bus-tickets/dibrugarh-to-jorhat,Purple Wings Coaches,A/C Seater / Sleeper (2+1),19:55,04h 20m,00:15,3.8,540,43 Seats available
Dibrugarh to Jorhat,https://www.redbus.in/bus-tickets/dibrugarh-to-jorhat,Aniruddha Travels,AC Seater (2+2),07:30,03h 40m,11:10,2.7,INR 450,40 Seats available
Dibrugarh to Jorhat,https://www.redbus.in/bus-tickets/dibrugarh-to-jorhat,Christina Travels,NON A/C Seater (2+2),08:20,02h 55m,11:15,2.9,650,45 Seats available
Dibrugarh to Jorhat,https://www.redbus.in/bus-tickets/dibrugarh-to-jorhat,NEELAKANTHA (RIYA),Tempo Traveler NON A/C,15:15,03h 00m,18:15,1.0,INR 250,20 Seats available
Dibrugarh to Jorhat,https://www.redbus.in/bus-tickets/dibrugarh-to-jorhat,Maa Laxmi,NON A/C Seater Push Back (2+1),17:30,04h 00m,21:30,2.9,INR 500,30 Seats available
Jorhat to Dhemaji,https://www.redbus.in/bus-tickets/jorhat-to-dhemaji,Assam State Transport Corporation (ASTC) - 142178,Bharat Benz A/C Seater (2+2),06:45,04h 35m,11:20,3.5,INR 296,1 Seat available
Jorhat to Tinsukia,https://www.redbus.in/bus-tickets/jorhat-to-tinsukia,Assam State Transport Corporation (ASTC) - 166131,Bharat Benz A/C Seater (2+2),07:20,06h 10m,13:30,4.0,INR 281,29 Seats available
Jorhat to Tinsukia,https://www.redbus.in/bus-tickets/jorhat-to-tinsukia,Assam State Transport Corporation (ASTC) - 139495,NON A/C Seater Push Back (2+1),09:15,05h 45m,15:00,4.8,INR 247,26 Seats available
Jorhat to Tinsukia,https://www.redbus.in/bus-tickets/jorhat-to-tinsukia,NETWORK TRAVELS,NON A/C Seater Push Back (2+1),04:01,05h 29m,09:30,4.0,300,8 Seats available
Jorhat to Tinsukia,https://www.redbus.in/bus-tickets/jorhat-to-tinsukia,Aniruddha Travels,AC Seater (2+2),11:45,05h 45m,17:30,3.6,INR 450,37 Seats available
Jorhat to Tinsukia,https://www.redbus.in/bus-tickets/jorhat-to-tinsukia,Aroti Travels (Under ASTC),Non AC Seater (2+2),12:30,05h 20m,17:50,3.4,INR 350,37 Seats available
Jorhat to Tinsukia,https://www.redbus.in/bus-tickets/jorhat-to-tinsukia,Christina Travels,NON A/C Seater (2+2),12:30,05h 30m,18:00,3.5,450,37 Seats available
Jorhat to Tinsukia,https://www.redbus.in/bus-tickets/jorhat-to-tinsukia,NETWORK TRAVELS,Non A/C Seater / Sleeper (2+1),00:30,05h 00m,05:30,2.9,350,9 Seats available
Tezpur to Dibrugarh,https://www.redbus.in/bus-tickets/tezpur-to-dibrugarh,Assam State Transport Corporation (ASTC) - 96880,A/C Seater (2+1),08:00,08h 00m,16:00,3.3,INR 463,22 Seats available
Tezpur to Dibrugarh,https://www.redbus.in/bus-tickets/tezpur-to-dibrugarh,Aniruddha Travels,AC Seater (2+2),07:50,08h 25m,16:15,4.1,INR 570,31 Seats available
Tezpur to Dibrugarh,https://www.redbus.in/bus-tickets/tezpur-to-dibrugarh,Aniruddha Travels,NON A/C Seater/ Sleeper (2+1),19:30,08h 30m,04:00,3.8,INR 550,39 Seats available
Tezpur to Dibrugarh,https://www.redbus.in/bus-tickets/tezpur-to-dibrugarh,SANJEEBANI TRAVELS,Non A/C Seater / Sleeper (2+1),21:30,06h 30m,04:00,2.7,INR 600,42 Seats available
Tezpur to Dibrugarh,https://www.redbus.in/bus-tickets/tezpur-to-dibrugarh,Puja Transport,NON AC Seater / Sleeper 2+1,20:00,08h 30m,04:30,3.6,INR 550,47 Seats available
Tezpur to Dibrugarh,https://www.redbus.in/bus-tickets/tezpur-to-dibrugarh,Puja Transport,Non AC Seater (2+2),20:00,09h 00m,05:00,3.0,INR 550,35 Seats available
Tezpur to Dibrugarh,https://www.redbus.in/bus-tickets/tezpur-to-dibrugarh,MOON TRAVELS,AC Seater (2+2),07:15,08h 05m,15:20,2.8,523,37 Seats available
Tezpur to Dibrugarh,https://www.redbus.in/bus-tickets/tezpur-to-dibrugarh,J.S. Travels,Non AC Seater (2+1),20:30,07h 30m,04:00,2.3,INR 550,32 Seats available
Tezpur to Dibrugarh,https://www.redbus.in/bus-tickets/tezpur-to-dibrugarh,PIHU TRANSPORT,Bharat Benz NON A/C Seater / Sleeper (2+1),19:45,08h 15m,04:00,2.4,INR 470,50 Seats available
Tezpur to Dibrugarh,https://www.redbus.in/bus-tickets/tezpur-to-dibrugarh,Maa Laxmi,NON A/C Seater Push Back (2+1),22:15,07h 15m,05:30,1.9,INR 550,36 Seats available
Tezpur to Dibrugarh,https://www.redbus.in/bus-tickets/tezpur-to-dibrugarh,Neha Travels,NON A/C Seater (2+2),21:50,08h 40m,06:30,2.1,INR 650,26 Seats available
Tezpur to Dibrugarh,https://www.redbus.in/bus-tickets/tezpur-to-dibrugarh,Neha Travels,NON A/C Seater (2+2),22:10,05h 50m,04:00,2.6,INR 650,32 Seats available
North Lakhimpur to Tezpur,https://www.redbus.in/bus-tickets/north-lakhimpur-to-tezpur,Assam State Transport Corporation (ASTC) - 170878,Bharat Benz A/C Seater (2+2),07:00,03h 35m,10:35,4.2,INR 333,22 Seats available
North Lakhimpur to Tezpur,https://www.redbus.in/bus-tickets/north-lakhimpur-to-tezpur,Karisma (Aziba),NON A/C Seater (2+1),05:35,04h 10m,09:45,3.6,INR 400,25 Seats available
North Lakhimpur to Tezpur,https://www.redbus.in/bus-tickets/north-lakhimpur-to-tezpur,Pranjit Travels (Under ASTC),Non AC Seater (2+1),07:15,04h 15m,11:30,3.5,INR 450,37 Seats available
North Lakhimpur to Tezpur,https://www.redbus.in/bus-tickets/north-lakhimpur-to-tezpur,Chartered Bus - ASTC,A/C Seater Push Back (2+2),07:45,03h 45m,11:30,4.6,INR 561.58,7 Seats available
North Lakhimpur to Tezpur,https://www.redbus.in/bus-tickets/north-lakhimpur-to-tezpur,Sparrow Travels (Under ASTC),A/C Seater Push Back (2+2),10:40,05h 20m,16:00,3.0,INR 420,40 Seats available
North Lakhimpur to Tezpur,https://www.redbus.in/bus-tickets/north-lakhimpur-to-tezpur,KRISHNA CHARAN TRAVELS,A/C Seater Push Back (2+2),12:00,04h 30m,16:30,4.0,INR 450,40 Seats available
North Lakhimpur to Tezpur,https://www.redbus.in/bus-tickets/north-lakhimpur-to-tezpur,Sparrow Travels (Under ASTC),Non AC Seater (2+2),12:30,06h 15m,18:45,3.0,INR 350,40 Seats available
North Lakhimpur to Tezpur,https://www.redbus.in/bus-tickets/north-lakhimpur-to-tezpur,Mahadev K.P.,Tata A/C Seater (2+2),05:00,05h 15m,10:15,1.7,INR 460,41 Seats available
North Lakhimpur to Tezpur,https://www.redbus.in/bus-tickets/north-lakhimpur-to-tezpur,Mahadev K.P.,Tata A/C Seater (2+2),05:20,05h 10m,10:30,1.7,INR 460,41 Seats available
North Lakhimpur to Tezpur,https://www.redbus.in/bus-tickets/north-lakhimpur-to-tezpur,Narayan Travels,AC Seater (2+2),07:20,05h 25m,12:45,1.0,399,38 Seats available
North Lakhimpur to Tezpur,https://www.redbus.in/bus-tickets/north-lakhimpur-to-tezpur,Ruma Travels (Under ASTC),Non AC Seater (2+2),08:30,07h 00m,15:30,1.7,INR 350,41 Seats available
North Lakhimpur to Tezpur,https://www.redbus.in/bus-tickets/north-lakhimpur-to-tezpur,Debarath,A/C Seater Hi-Tech Push Back (2+2),10:00,05h 45m,15:45,2.4,INR 460,40 Seats available
North Lakhimpur to Tezpur,https://www.redbus.in/bus-tickets/north-lakhimpur-to-tezpur,B.M. Travels (Swastidut) - Under ASTC,Non AC Seater (2+2),10:30,05h 50m,16:20,1.9,INR 350,41 Seats available
North Lakhimpur to Tezpur,https://www.redbus.in/bus-tickets/north-lakhimpur-to-tezpur,Mayur Travels (Under ASTC),Non AC Seater (2+2),12:15,05h 45m,18:00,1.9,INR 350,43 Seats available
North Lakhimpur to Tezpur,https://www.redbus.in/bus-tickets/north-lakhimpur-to-tezpur,DESTINY TRAVELS,NON A/C Seater (2+1),20:20,27h 25m,23:45,0,428,1 Seat available
Guwahati to Biswanath Charali,https://www.redbus.in/bus-tickets/guwahati-to-biswanath-charali,PANKAJ TRAVELS,AC Seater (2+2),05:15,05h 35m,10:50,3.3,INR 450,18 Seats available
Guwahati to Biswanath Charali,https://www.redbus.in/bus-tickets/guwahati-to-biswanath-charali,Karisma (Aziba),NON A/C Seater (2+1),05:45,06h 05m,11:50,3.9,INR 400,19 Seats available
Guwahati to Biswanath Charali,https://www.redbus.in/bus-tickets/guwahati-to-biswanath-charali,Pranjit Travels (Under ASTC),NON A/C Seater (2+1),06:30,05h 45m,12:15,3.6,INR 500,4 Seats available
Guwahati to Biswanath Charali,https://www.redbus.in/bus-tickets/guwahati-to-biswanath-charali,Yatra Travels,NON A/C Seater (2+1),07:00,05h 40m,12:40,4.3,400,19 Seats available
Guwahati to Biswanath Charali,https://www.redbus.in/bus-tickets/guwahati-to-biswanath-charali,Pranjit Travels (Under ASTC),NON A/C Seater (2+1),07:45,07h 15m,15:00,3.4,INR 500,25 Seats available
Guwahati to Biswanath Charali,https://www.redbus.in/bus-tickets/guwahati-to-biswanath-charali,BLUE HILL TRAVELS INDIA LIMITED,NON A/C Seater Semi Sleeper (2+1),09:30,05h 30m,15:00,3.5,INR 400,31 Seats available
Guwahati to Biswanath Charali,https://www.redbus.in/bus-tickets/guwahati-to-biswanath-charali,Mahi Travels(Under ASTC),A/C Seater (2+2),10:00,06h 30m,16:30,4.3,468,34 Seats available
Guwahati to Biswanath Charali,https://www.redbus.in/bus-tickets/guwahati-to-biswanath-charali,Kanchan Travels,AC Seater (2+2),10:45,06h 40m,17:25,3.2,INR 432,30 Seats available
Guwahati to Biswanath Charali,https://www.redbus.in/bus-tickets/guwahati-to-biswanath-charali,Orient Transline,A/C Seater (2+1),11:30,05h 10m,16:40,4.3,INR 476.19,27 Seats available
Guwahati to Biswanath Charali,https://www.redbus.in/bus-tickets/guwahati-to-biswanath-charali,Orient Transline,A/C Seater (2+1),12:15,06h 40m,18:55,4.0,INR 476.19,24 Seats available
Guwahati to Biswanath Charali,https://www.redbus.in/bus-tickets/guwahati-to-biswanath-charali,Orient Transline,A/C Seater (2+1),13:00,06h 10m,19:10,4.0,INR 476.19,29 Seats available
Guwahati to Biswanath Charali,https://www.redbus.in/bus-tickets/guwahati-to-biswanath-charali,Mahi Travels(Under ASTC),A/C Seater (2+2),14:15,05h 15m,19:30,4.2,486,43 Seats available
Guwahati to Biswanath Charali,https://www.redbus.in/bus-tickets/guwahati-to-biswanath-charali,Mahalaxmi Travels,A/C Seater (2+2),14:35,05h 25m,20:00,4.8,INR 410,36 Seats available
Guwahati to Biswanath Charali,https://www.redbus.in/bus-tickets/guwahati-to-biswanath-charali,RAYAN TRAVELS,Non A/C Seater / Sleeper (2+1),19:15,06h 45m,02:00,4.7,400,50 Seats available
Guwahati to Biswanath Charali,https://www.redbus.in/bus-tickets/guwahati-to-biswanath-charali,PARIJAT TRAVELS(UNDER ASTC),NON A/C Seater (2+1),19:35,06h 25m,02:00,3.8,375,29 Seats available
Guwahati to Biswanath Charali,https://www.redbus.in/bus-tickets/guwahati-to-biswanath-charali,BLUE HILL TRAVELS INDIA LIMITED,NON A/C Seater Semi Sleeper (2+1),19:15,06h 15m,01:30,3.3,INR 500,31 Seats available
Guwahati to Biswanath Charali,https://www.redbus.in/bus-tickets/guwahati-to-biswanath-charali,Yatra Travels,NON A/C Seater (2+1),18:00,07h 30m,01:30,3.8,450,32 Seats available
Guwahati to Biswanath Charali,https://www.redbus.in/bus-tickets/guwahati-to-biswanath-charali,Yatra Travels,NON AC Seater/ Sleeper (2+1),20:00,05h 00m,01:00,4.2,450,47 Seats available
Guwahati to Biswanath Charali,https://www.redbus.in/bus-tickets/guwahati-to-biswanath-charali,MAHARATHI TRANSPORT,NON A/C Semi Sleeper (2+1),20:15,05h 45m,02:00,3.9,450,28 Seats available
Guwahati to Biswanath Charali,https://www.redbus.in/bus-tickets/guwahati-to-biswanath-charali,Laxmi Travels,Bharat Benz A/C Seater /Sleeper (2+1),19:45,04h 05m,23:50,4.8,600,38 Seats available
Guwahati to Biswanath Charali,https://www.redbus.in/bus-tickets/guwahati-to-biswanath-charali,Yatra Travels,NON AC Seater/ Sleeper (2+1),20:30,05h 45m,02:15,4.0,450,47 Seats available
Guwahati to Biswanath Charali,https://www.redbus.in/bus-tickets/guwahati-to-biswanath-charali,Pranjit Travels (Under ASTC),A/C Seater / Sleeper (2+1),20:45,06h 45m,03:30,3.7,INR 550,45 Seats available
Guwahati to Biswanath Charali,https://www.redbus.in/bus-tickets/guwahati-to-biswanath-charali,Maharathi Travels(UNDER ASTC),NON A/C Seater (2+1),20:55,06h 35m,03:30,3.3,400,34 Seats available
Guwahati to Biswanath Charali,https://www.redbus.in/bus-tickets/guwahati-to-biswanath-charali,Pranjit Travels (Under ASTC),Non AC Seater (2+1),21:15,06h 15m,03:30,3.6,INR 500,37 Seats available
Guwahati to Biswanath Charali,https://www.redbus.in/bus-tickets/guwahati-to-biswanath-charali,Pranjit Travels (Under ASTC),NON A/C Seater (2+1),21:15,06h 30m,03:45,4.0,INR 500,30 Seats available
Guwahati to Biswanath Charali,https://www.redbus.in/bus-tickets/guwahati-to-biswanath-charali,Pranjit Travels (Under ASTC),Bharat Benz A/C Seater (2+1),21:30,06h 15m,03:45,3.6,INR 600,34 Seats available
Guwahati to Biswanath Charali,https://www.redbus.in/bus-tickets/guwahati-to-biswanath-charali,MAA Anada (UNDER ASTC),AC Seater (2+2),09:30,06h 45m,16:15,2.3,INR 384.3,33 Seats available
Guwahati to Biswanath Charali,https://www.redbus.in/bus-tickets/guwahati-to-biswanath-charali,DONYI POLO EXPRESS,NON A/C Seater (2+1),15:45,06h 00m,21:45,1.9,400,25 Seats available
Guwahati to Biswanath Charali,https://www.redbus.in/bus-tickets/guwahati-to-biswanath-charali,DESTINY TRAVELS,NON A/C Seater (2+1),18:45,05h 39m,00:24,1.9,457,32 Seats available
Guwahati to Biswanath Charali,https://www.redbus.in/bus-tickets/guwahati-to-biswanath-charali,BLUE HILL TRAVELS INDIA LIMITED,NON A/C Seater Semi Sleeper (2+1),20:00,06h 00m,02:00,2.5,450,31 Seats available
Guwahati to Biswanath Charali,https://www.redbus.in/bus-tickets/guwahati-to-biswanath-charali,NORTH EAST TRAVELS(UNDER ASTC),NON A/C Seater (2+1),20:15,06h 15m,02:30,2.8,450,26 Seats available
Guwahati to Biswanath Charali,https://www.redbus.in/bus-tickets/guwahati-to-biswanath-charali,Pranjit Travels (Under ASTC),Non AC Seater (2+1),21:45,05h 15m,03:00,4.7,INR 500,30 Seats available
Guwahati to Biswanath Charali,https://www.redbus.in/bus-tickets/guwahati-to-biswanath-charali,Chartered Bus - ASTC,A/C Seater Push Back (2+2),07:00,05h 00m,12:00,0,INR 702.26,25 Seats available
North Lakhimpur to Dibrugarh,https://www.redbus.in/bus-tickets/north-lakhimpur-to-dibrugarh,Assam State Transport Corporation (ASTC) - 147552,Bharat Benz A/C Seater (2+2),07:30,03h 15m,10:45,4.3,INR 235.62,19 Seats available
North Lakhimpur to Dibrugarh,https://www.redbus.in/bus-tickets/north-lakhimpur-to-dibrugarh,PANKAJ TRAVELS,NON A/C Hi-Tech Push Back (2+2),07:25,03h 50m,11:15,3.3,INR 240,33 Seats available
North Lakhimpur to Dibrugarh,https://www.redbus.in/bus-tickets/north-lakhimpur-to-dibrugarh,BARBIE TRAVELS,NON A/C Hi-Tech Push Back (2+2),06:00,04h 20m,10:20,2.7,INR 240,40 Seats available
North Lakhimpur to Dibrugarh,https://www.redbus.in/bus-tickets/north-lakhimpur-to-dibrugarh,Maa Jagadamba,NON A/C Seater (2+3),09:20,04h 40m,14:00,2.2,INR 240,39 Seats available
North Lakhimpur to Dibrugarh,https://www.redbus.in/bus-tickets/north-lakhimpur-to-dibrugarh,Maa Jagadamba,A/C Seater Push Back (2+2),09:40,04h 45m,14:25,2.2,INR 260,41 Seats available
North Lakhimpur to Dibrugarh,https://www.redbus.in/bus-tickets/north-lakhimpur-to-dibrugarh,Air Bus Travels,NON AC Seater / Sleeper 2+1,21:00,06h 00m,03:00,3.8,INR 400,46 Seats available
Tinsukia to Jorhat,https://www.redbus.in/bus-tickets/tinsukia-to-jorhat,Assam State Transport Corporation (ASTC) - 139496,NON A/C Seater Push Back (2+1),08:25,05h 05m,13:30,3.3,INR 245,30 Seats available
Tinsukia to Jorhat,https://www.redbus.in/bus-tickets/tinsukia-to-jorhat,Assam State Transport Corporation (ASTC) - 166134,Bharat Benz A/C Seater (2+2),09:00,06h 30m,15:30,3.2,INR 281,22 Seats available
Tinsukia to Jorhat,https://www.redbus.in/bus-tickets/tinsukia-to-jorhat,Aroti Travels (Under ASTC),Non AC Seater (2+2),05:45,04h 15m,10:00,4.1,INR 350,35 Seats available
Tinsukia to Jorhat,https://www.redbus.in/bus-tickets/tinsukia-to-jorhat,Aniruddha Travels,AC Seater (2+2),06:00,05h 10m,11:10,3.7,INR 450,39 Seats available
Tinsukia to Jorhat,https://www.redbus.in/bus-tickets/tinsukia-to-jorhat,Chartered Bus - ASTC,A/C Seater Push Back (2+2),06:45,04h 15m,11:00,4.7,INR 755.58,21 Seats available
Tinsukia to Jorhat,https://www.redbus.in/bus-tickets/tinsukia-to-jorhat,MADHURIKA TRAVELS,A/C Seater (2+1),07:15,05h 15m,12:30,4.0,INR 650,23 Seats available
Tinsukia to Jorhat,https://www.redbus.in/bus-tickets/tinsukia-to-jorhat,Maa Laxmi,NON A/C Seater Push Back (2+1),16:00,05h 30m,21:30,3.6,INR 400,30 Seats available
Tinsukia to Jorhat,https://www.redbus.in/bus-tickets/tinsukia-to-jorhat,NETWORK TRAVELS,Non A/C Seater / Sleeper (2+1),17:00,06h 00m,23:00,3.8,350,48 Seats available
Tinsukia to Jorhat,https://www.redbus.in/bus-tickets/tinsukia-to-jorhat,NETWORK TRAVELS,NON A/C Seater Push Back (2+1),19:00,05h 30m,00:30,4.5,300,33 Seats available
Tinsukia to Jorhat,https://www.redbus.in/bus-tickets/tinsukia-to-jorhat,Purple Wings Coaches,A/C Seater / Sleeper (2+1),18:30,05h 45m,00:15,3.8,567,43 Seats available
Tinsukia to Jorhat,https://www.redbus.in/bus-tickets/tinsukia-to-jorhat,Christina Travels,NON A/C Seater (2+2),07:00,04h 15m,11:15,2.9,650,45 Seats available
Tezpur to North Lakhimpur,https://www.redbus.in/bus-tickets/tezpur-to-north-lakhimpur,Sparrow Travels (Under ASTC),A/C Seater Push Back (2+2),05:00,05h 10m,10:10,3.3,INR 420,40 Seats available
Tezpur to North Lakhimpur,https://www.redbus.in/bus-tickets/tezpur-to-north-lakhimpur,KRISHNA CHARAN TRAVELS,A/C Seater Push Back (2+2),05:30,05h 30m,11:00,4.0,INR 450,38 Seats available
Tezpur to North Lakhimpur,https://www.redbus.in/bus-tickets/tezpur-to-north-lakhimpur,Sparrow Travels (Under ASTC),Non AC Seater (2+2),06:30,05h 30m,12:00,4.4,INR 350,39 Seats available
Tezpur to North Lakhimpur,https://www.redbus.in/bus-tickets/tezpur-to-north-lakhimpur,PANKAJ TRAVELS,AC Seater (2+2),10:00,05h 35m,15:35,3.3,INR 400,18 Seats available
Tezpur to North Lakhimpur,https://www.redbus.in/bus-tickets/tezpur-to-north-lakhimpur,Karisma (Aziba),NON A/C Seater (2+1),10:40,04h 20m,15:00,3.6,INR 400,18 Seats available
Tezpur to North Lakhimpur,https://www.redbus.in/bus-tickets/tezpur-to-north-lakhimpur,Pranjit Travels (Under ASTC),NON A/C Seater (2+1),13:10,05h 20m,18:30,3.5,INR 500,29 Seats available
Tezpur to North Lakhimpur,https://www.redbus.in/bus-tickets/tezpur-to-north-lakhimpur,Mayur Travels (Under ASTC),Non AC Seater (2+2),05:45,05h 45m,11:30,1.9,INR 350,43 Seats available
Tezpur to North Lakhimpur,https://www.redbus.in/bus-tickets/tezpur-to-north-lakhimpur,Ruma Travels (Under ASTC),Non AC Seater (2+2),09:00,05h 40m,14:40,1.0,INR 350,41 Seats available
Tezpur to North Lakhimpur,https://www.redbus.in/bus-tickets/tezpur-to-north-lakhimpur,Mahadev K.P.,Tata A/C Seater (2+2),11:00,07h 15m,18:15,1.7,INR 460,41 Seats available
Tezpur to North Lakhimpur,https://www.redbus.in/bus-tickets/tezpur-to-north-lakhimpur,Mahadev K.P.,Tata A/C Seater (2+2),11:30,07h 00m,18:30,1.7,INR 460,41 Seats available
Tezpur to North Lakhimpur,https://www.redbus.in/bus-tickets/tezpur-to-north-lakhimpur,Narayan Travels,AC Seater (2+2),14:20,06h 10m,20:30,1.9,399,38 Seats available
Tezpur to North Lakhimpur,https://www.redbus.in/bus-tickets/tezpur-to-north-lakhimpur,DESTINY TRAVELS,NON A/C Seater (2+1),23:30,04h 15m,03:45,4.1,437,1 Seat available
Tezpur to North Lakhimpur,https://www.redbus.in/bus-tickets/tezpur-to-north-lakhimpur,Chartered Bus - ASTC,A/C Seater Push Back (2+2),11:00,04h 00m,15:00,0,INR 702.26,26 Seats available
North Lakhimpur to Moran,https://www.redbus.in/bus-tickets/north-lakhimpur-to-moran,Assam State Transport Corporation (ASTC) - 173044,Non AC Seater (2+2),13:00,02h 30m,15:30,4.2,INR 170,26 Seats available
Guwahati to Gohpur,https://www.redbus.in/bus-tickets/guwahati-to-gohpur,Maharathi Travels(UNDER ASTC),NON A/C Seater (2+1),20:55,07h 05m,04:00,4.5,400,33 Seats available
Guwahati to Gohpur,https://www.redbus.in/bus-tickets/guwahati-to-gohpur,Yatra Travels,NON A/C Seater (2+1),07:00,06h 40m,13:40,4.3,400,19 Seats available
Guwahati to Gohpur,https://www.redbus.in/bus-tickets/guwahati-to-gohpur,KIRAN TRAVELS,A/C Seater (2+1),20:40,08h 20m,05:00,4.1,500,32 Seats available
Guwahati to Gohpur,https://www.redbus.in/bus-tickets/guwahati-to-gohpur,Pranjit Travels (Under ASTC),Bharat Benz A/C Seater (2+1),21:30,07h 45m,05:15,3.8,INR 660,34 Seats available
Guwahati to Gohpur,https://www.redbus.in/bus-tickets/guwahati-to-gohpur,Pranjit Travels (Under ASTC),Non AC Seater (2+1),07:45,08h 30m,16:15,4.3,INR 570,37 Seats available
Guwahati to Gohpur,https://www.redbus.in/bus-tickets/guwahati-to-gohpur,Yatra Travels,NON A/C Seater (2+1),18:00,08h 45m,02:45,4.0,450,32 Seats available
Guwahati to Gohpur,https://www.redbus.in/bus-tickets/guwahati-to-gohpur,NORTH EAST TRAVELS(UNDER ASTC),NON A/C Seater (2+1),20:15,07h 45m,04:00,3.4,450,26 Seats available
Guwahati to Gohpur,https://www.redbus.in/bus-tickets/guwahati-to-gohpur,Drishti Travels,NON A/C Seater (2+1),17:30,09h 30m,03:00,3.6,432,32 Seats available
Guwahati to Gohpur,https://www.redbus.in/bus-tickets/guwahati-to-gohpur,RAYAN TRAVELS,Non A/C Seater / Sleeper (2+1),19:15,08h 15m,03:30,4.2,400,50 Seats available
Guwahati to Gohpur,https://www.redbus.in/bus-tickets/guwahati-to-gohpur,PARIJAT TRAVELS(UNDER ASTC),NON A/C Seater (2+1),19:35,08h 25m,04:00,3.9,375,29 Seats available
Guwahati to Gohpur,https://www.redbus.in/bus-tickets/guwahati-to-gohpur,Drishti Travels,NON A/C Seater (2+1),16:30,09h 30m,02:00,3.9,432,32 Seats available
Guwahati to Gohpur,https://www.redbus.in/bus-tickets/guwahati-to-gohpur,Deep Travels,NON AC Seater / Sleeper 2+1,21:00,07h 15m,04:15,3.7,INR 499,47 Seats available
Guwahati to Gohpur,https://www.redbus.in/bus-tickets/guwahati-to-gohpur,Yatra Travels,NON AC Seater/ Sleeper (2+1),20:30,06h 45m,03:15,4.5,450,47 Seats available
Guwahati to Gohpur,https://www.redbus.in/bus-tickets/guwahati-to-gohpur,Yatra Travels,NON AC Seater/ Sleeper (2+1),20:00,06h 30m,02:30,4.2,450,46 Seats available
Guwahati to Gohpur,https://www.redbus.in/bus-tickets/guwahati-to-gohpur,Laxmi Travels,Bharat Benz A/C Seater /Sleeper (2+1),19:45,06h 45m,02:30,4.2,600,40 Seats available
Guwahati to Gohpur,https://www.redbus.in/bus-tickets/guwahati-to-gohpur,DONYI POLO EXPRESS,NON A/C Seater (2+1),15:45,07h 00m,22:45,4.0,400,25 Seats available
Guwahati to Gohpur,https://www.redbus.in/bus-tickets/guwahati-to-gohpur,MAHARATHI TRANSPORT,NON A/C Semi Sleeper (2+1),20:15,07h 50m,04:05,4.2,450,28 Seats available
Guwahati to Gohpur,https://www.redbus.in/bus-tickets/guwahati-to-gohpur,BLUE HILL TRAVELS INDIA LIMITED,NON A/C Seater Semi Sleeper (2+1),20:00,07h 50m,03:50,4.1,450,31 Seats available
Guwahati to Gohpur,https://www.redbus.in/bus-tickets/guwahati-to-gohpur,Chartered Bus - ASTC,A/C Seater Push Back (2+2),07:00,06h 00m,13:00,3.7,INR 713.6,25 Seats available
Guwahati to Gohpur,https://www.redbus.in/bus-tickets/guwahati-to-gohpur,Pranjit Travels (Under ASTC),Non AC Seater (2+1),21:45,07h 15m,05:00,4.4,INR 570,30 Seats available
Guwahati to Gohpur,https://www.redbus.in/bus-tickets/guwahati-to-gohpur,Pranjit Travels (Under ASTC),A/C Seater / Sleeper (2+1),20:45,08h 00m,04:45,4.7,INR 620,47 Seats available
Guwahati to Gohpur,https://www.redbus.in/bus-tickets/guwahati-to-gohpur,Pranjit Travels (Under ASTC),NON A/C Seater (2+1),06:30,07h 30m,14:00,3.1,INR 570,28 Seats available
Guwahati to Gohpur,https://www.redbus.in/bus-tickets/guwahati-to-gohpur,Karisma (Aziba),NON A/C Seater (2+1),05:45,07h 15m,13:00,3.5,INR 480,18 Seats available
Guwahati to Gohpur,https://www.redbus.in/bus-tickets/guwahati-to-gohpur,Sylvan DEE Transport,Non AC Seater (2+1),07:30,06h 30m,14:00,3.1,INR 460,17 Seats available
Guwahati to Gohpur,https://www.redbus.in/bus-tickets/guwahati-to-gohpur,Pranjit Travels (Under ASTC),NON A/C Seater (2+1),21:15,07h 30m,04:45,1.3,INR 570,36 Seats available
Guwahati to Gohpur,https://www.redbus.in/bus-tickets/guwahati-to-gohpur,Pranjit Travels (Under ASTC),Non AC Seater (2+1),21:15,08h 00m,05:15,1.2,INR 600,30 Seats available
Guwahati to Gohpur,https://www.redbus.in/bus-tickets/guwahati-to-gohpur,GURUNANAK TRAVELS,NON A/C Seater (2+1),19:00,08h 00m,03:00,3.3,INR 500,32 Seats available
Guwahati to Gohpur,https://www.redbus.in/bus-tickets/guwahati-to-gohpur,BLUE HILL TRAVELS INDIA LIMITED,NON A/C Seater Semi Sleeper (2+1),16:15,09h 15m,01:30,3.3,INR 600,31 Seats available
Guwahati to Gohpur,https://www.redbus.in/bus-tickets/guwahati-to-gohpur,PANKAJ TRAVELS,AC Seater (2+2),05:15,07h 05m,12:20,1.9,INR 500,20 Seats available
Guwahati to Gohpur,https://www.redbus.in/bus-tickets/guwahati-to-gohpur,BLUE HILL TRAVELS INDIA LIMITED,NON A/C Seater Semi Sleeper (2+1),19:15,07h 15m,02:30,0,INR 500,31 Seats available
Guwahati to Gohpur,https://www.redbus.in/bus-tickets/guwahati-to-gohpur,DESTINY TRAVELS,NON A/C Seater (2+1),18:45,06h 50m,01:35,0,507,32 Seats available
Guwahati to Kaliabor,https://www.redbus.in/bus-tickets/guwahati-to-kaliabor,Assam State Transport Corporation (ASTC) - 139846,Volvo AC Seater 2+2,06:10,03h 05m,09:15,4.4,INR 259,21 Seats available
Guwahati to Kaliabor,https://www.redbus.in/bus-tickets/guwahati-to-kaliabor,Assam State Transport Corporation (ASTC) - 149849,Volvo AC Seater 2+2,06:30,03h 30m,10:00,4.2,INR 259,22 Seats available
Guwahati to Kaliabor,https://www.redbus.in/bus-tickets/guwahati-to-kaliabor,Assam State Transport Corporation (ASTC) - 143955,Bharat Benz A/C Seater (2+2),07:00,03h 30m,10:30,4.2,INR 259,23 Seats available
Guwahati to Kaliabor,https://www.redbus.in/bus-tickets/guwahati-to-kaliabor,Assam State Transport Corporation (ASTC) - 154910,Bharat Benz A/C Seater (2+2),10:30,03h 30m,14:00,3.7,INR 259,34 Seats available
Guwahati to Kaliabor,https://www.redbus.in/bus-tickets/guwahati-to-kaliabor,Assam State Transport Corporation (ASTC) - 139720,Volvo AC Seater 2+2,13:45,03h 30m,17:15,4.2,INR 259,30 Seats available
Guwahati to Kaliabor,https://www.redbus.in/bus-tickets/guwahati-to-kaliabor,Chartered Bus - ASTC,Volvo AC Seater Pushback 2+2,06:15,03h 45m,10:00,4.0,INR 302.91,30 Seats available
Guwahati to Kaliabor,https://www.redbus.in/bus-tickets/guwahati-to-kaliabor,Chartered Bus - ASTC,Volvo AC Seater Pushback 2+2,07:30,03h 15m,10:45,4.2,INR 302.91,10 Seats available
Guwahati to Kaliabor,https://www.redbus.in/bus-tickets/guwahati-to-kaliabor,TRINAYAN TRANSPORT (Under ASTC),A/C Seater (2+1),08:00,04h 15m,12:15,3.8,405,27 Seats available
Guwahati to Kaliabor,https://www.redbus.in/bus-tickets/guwahati-to-kaliabor,NEELKANTH TRAVELS,A/C Seater Push Back (2+2),09:05,04h 55m,14:00,4.4,INR 250,41 Seats available
Guwahati to Kaliabor,https://www.redbus.in/bus-tickets/guwahati-to-kaliabor,MAA Anada (UNDER ASTC),AC Seater (2+2),09:30,04h 45m,14:15,3.3,INR 292.5,33 Seats available
Guwahati to Kaliabor,https://www.redbus.in/bus-tickets/guwahati-to-kaliabor,Mahi Travels(Under ASTC),A/C Seater (2+2),10:00,04h 45m,14:45,4.2,362,34 Seats available
Guwahati to Kaliabor,https://www.redbus.in/bus-tickets/guwahati-to-kaliabor,Kanchan Travels,AC Seater (2+2),10:45,04h 00m,14:45,3.9,INR 329,30 Seats available
Guwahati to Kaliabor,https://www.redbus.in/bus-tickets/guwahati-to-kaliabor,Orient Transline,A/C Seater (2+1),11:30,03h 30m,15:00,4.0,INR 380.95,37 Seats available
Guwahati to Kaliabor,https://www.redbus.in/bus-tickets/guwahati-to-kaliabor,Anindita Travels,NON A/C Seater (2+1),12:30,04h 45m,17:15,4.1,405,37 Seats available
Guwahati to Kaliabor,https://www.redbus.in/bus-tickets/guwahati-to-kaliabor,TRINAYAN TRANSPORT (Under ASTC),A/C Seater (2+1),20:15,05h 00m,01:15,3.8,405,35 Seats available
Guwahati to Kaliabor,https://www.redbus.in/bus-tickets/guwahati-to-kaliabor,Trishul Transport Service(Under ASTC),A/C Seater Push Back (2+1),11:30,03h 15m,14:45,3.9,509,27 Seats available
Guwahati to Kaliabor,https://www.redbus.in/bus-tickets/guwahati-to-kaliabor,Orient Transline,A/C Seater (2+1),12:15,04h 15m,16:30,4.0,INR 380.95,34 Seats available
Guwahati to Kaliabor,https://www.redbus.in/bus-tickets/guwahati-to-kaliabor,Orient Transline,A/C Seater (2+1),13:00,03h 20m,16:20,4.0,INR 380.95,37 Seats available
Guwahati to Kaliabor,https://www.redbus.in/bus-tickets/guwahati-to-kaliabor,Mahalaxmi Travels,A/C Seater (2+2),14:35,02h 50m,17:25,4.1,INR 280,40 Seats available
Guwahati to Kaliabor,https://www.redbus.in/bus-tickets/guwahati-to-kaliabor,BAIKUNTHA TRAVELS (UNDER ASTC),A/C Seater/Sleeper (2+1),20:00,03h 15m,23:15,3.3,439,47 Seats available
Guwahati to Kaliabor,https://www.redbus.in/bus-tickets/guwahati-to-kaliabor,Christina Travels,NON A/C Seater (2+2),06:00,03h 00m,09:00,2.9,650,45 Seats available
Guwahati to Kaliabor,https://www.redbus.in/bus-tickets/guwahati-to-kaliabor,Rishi India Travels,Bharat Benz A/C Seater (2+1),06:45,03h 15m,10:00,2.9,450,38 Seats available
Guwahati to Kaliabor,https://www.redbus.in/bus-tickets/guwahati-to-kaliabor,Rishi India Travels,Non AC Seater (2+1),11:30,03h 30m,15:00,2.9,400,35 Seats available
Guwahati to Kaliabor,https://www.redbus.in/bus-tickets/guwahati-to-kaliabor,Rishi India Travels,Bharat Benz A/C Seater (2+1),13:15,03h 00m,16:15,2.9,450,38 Seats available
Guwahati to Kaliabor,https://www.redbus.in/bus-tickets/guwahati-to-kaliabor,Mahi Travels(Under ASTC),A/C Seater (2+2),14:15,03h 15m,17:30,2.4,389,44 Seats available
Guwahati to Kaliabor,https://www.redbus.in/bus-tickets/guwahati-to-kaliabor,Rishi India Travels,A/C Seater (2+1),15:15,03h 05m,18:20,2.9,450,35 Seats available
Guwahati to Kaliabor,https://www.redbus.in/bus-tickets/guwahati-to-kaliabor,Puja (Kaybom),A/C Seater Push Back (2+2),17:20,03h 10m,20:30,0,285,40 Seats available
Guwahati to Tumuki (Tezpur Medical),https://www.redbus.in/bus-tickets/guwahati-to-tumuki-tezpur-medical,Assam State Transport Corporation (ASTC) - 139846,Volvo AC Seater 2+2,06:10,04h 35m,10:45,4.2,INR 316,21 Seats available
Dibrugarh to Tezpur,https://www.redbus.in/bus-tickets/dibrugarh-to-tezpur,Aniruddha Travels,AC Seater (2+2),07:30,08h 05m,15:35,4.4,INR 570,36 Seats available
Dibrugarh to Tezpur,https://www.redbus.in/bus-tickets/dibrugarh-to-tezpur,Puja Transport,NON AC Seater / Sleeper 2+1,20:00,09h 00m,05:00,3.4,INR 550,43 Seats available
Dibrugarh to Tezpur,https://www.redbus.in/bus-tickets/dibrugarh-to-tezpur,Aniruddha Travels,NON A/C Seater/ Sleeper (2+1),19:45,08h 15m,04:00,3.2,INR 550,37 Seats available
Dibrugarh to Tezpur,https://www.redbus.in/bus-tickets/dibrugarh-to-tezpur,SANJEEBANI TRAVELS,Non A/C Seater / Sleeper (2+1),18:45,08h 15m,03:00,3.4,INR 600,38 Seats available
Dibrugarh to Tezpur,https://www.redbus.in/bus-tickets/dibrugarh-to-tezpur,PIHU TRANSPORT,Bharat Benz NON A/C Seater / Sleeper (2+1),19:50,08h 40m,04:30,2.9,INR 470,39 Seats available
Dibrugarh to Tezpur,https://www.redbus.in/bus-tickets/dibrugarh-to-tezpur,MOON TRAVELS,AC Seater (2+2),09:10,07h 50m,17:00,3.0,570,39 Seats available
Dibrugarh to Tezpur,https://www.redbus.in/bus-tickets/dibrugarh-to-tezpur,J.S. Travels,Non AC Seater (2+1),19:00,09h 00m,04:00,2.7,INR 500,32 Seats available
Dibrugarh to Tezpur,https://www.redbus.in/bus-tickets/dibrugarh-to-tezpur,Puja Transport,Non AC Seater (2+2),19:15,08h 45m,04:00,2.6,INR 550,32 Seats available
Dibrugarh to Tezpur,https://www.redbus.in/bus-tickets/dibrugarh-to-tezpur,Maa Laxmi,NON A/C Seater Push Back (2+1),17:30,07h 30m,01:00,2.9,INR 550,36 Seats available
Dibrugarh to Tezpur,https://www.redbus.in/bus-tickets/dibrugarh-to-tezpur,Neha Travels,NON A/C Seater (2+2),17:00,10h 15m,03:15,2.5,INR 650,35 Seats available
Dibrugarh to Tezpur,https://www.redbus.in/bus-tickets/dibrugarh-to-tezpur,Neha Travels,Non AC Seater (2+1),17:15,11h 45m,05:00,2.5,INR 620,35 Seats available
Biswanath Charali to Guwahati,https://www.redbus.in/bus-tickets/biswanath-charali-to-guwahati,Assam State Transport Corporation (ASTC) - 153223,Bharat Benz A/C Seater (2+2),08:00,05h 30m,13:30,4.2,INR 412,21 Seats available
Biswanath Charali to Guwahati,https://www.redbus.in/bus-tickets/biswanath-charali-to-guwahati,Assam State Transport Corporation (ASTC) - 170878,Bharat Benz A/C Seater (2+2),09:45,05h 30m,15:15,4.6,INR 412,17 Seats available
Biswanath Charali to Guwahati,https://www.redbus.in/bus-tickets/biswanath-charali-to-guwahati,Pranjit Travels (Under ASTC),Non AC Seater (2+1),00:15,06h 15m,06:30,3.2,INR 500,2 Seats available
Biswanath Charali to Guwahati,https://www.redbus.in/bus-tickets/biswanath-charali-to-guwahati,PARIJAT TRAVELS(UNDER ASTC),NON A/C Seater (2+1),00:30,06h 00m,06:30,3.9,375,2 Seats available
Biswanath Charali to Guwahati,https://www.redbus.in/bus-tickets/biswanath-charali-to-guwahati,MAA Anada (UNDER ASTC),AC Seater (2+2),04:00,04h 30m,08:30,3.8,INR 427,32 Seats available
Biswanath Charali to Guwahati,https://www.redbus.in/bus-tickets/biswanath-charali-to-guwahati,Kanchan Travels,AC Seater (2+2),04:15,04h 30m,08:45,4.4,INR 432,16 Seats available
Biswanath Charali to Guwahati,https://www.redbus.in/bus-tickets/biswanath-charali-to-guwahati,Orient Transline,A/C Seater (2+1),04:40,04h 20m,09:00,4.4,INR 457.14,15 Seats available
Biswanath Charali to Guwahati,https://www.redbus.in/bus-tickets/biswanath-charali-to-guwahati,Orient Transline,A/C Seater (2+1),05:30,04h 40m,10:10,4.2,INR 476.19,18 Seats available
Biswanath Charali to Guwahati,https://www.redbus.in/bus-tickets/biswanath-charali-to-guwahati,Orient Transline,A/C Seater (2+1),06:10,04h 50m,11:00,4.0,INR 476.19,17 Seats available
Biswanath Charali to Guwahati,https://www.redbus.in/bus-tickets/biswanath-charali-to-guwahati,Mahi Travels(Under ASTC),A/C Seater (2+2),06:30,05h 00m,11:30,4.5,476,28 Seats available
Biswanath Charali to Guwahati,https://www.redbus.in/bus-tickets/biswanath-charali-to-guwahati,Mahalaxmi Travels,A/C Seater (2+2),08:00,05h 30m,13:30,3.4,INR 410,36 Seats available
Biswanath Charali to Guwahati,https://www.redbus.in/bus-tickets/biswanath-charali-to-guwahati,Karisma (Aziba),NON A/C Seater (2+1),08:45,05h 25m,14:10,3.3,INR 450,25 Seats available
Biswanath Charali to Guwahati,https://www.redbus.in/bus-tickets/biswanath-charali-to-guwahati,Pranjit Travels (Under ASTC),NON A/C Seater (2+1),10:45,06h 00m,16:45,3.3,INR 500,24 Seats available
Biswanath Charali to Guwahati,https://www.redbus.in/bus-tickets/biswanath-charali-to-guwahati,BLUE HILL TRAVELS INDIA LIMITED,NON A/C Seater Semi Sleeper (2+1),21:30,06h 15m,03:45,3.8,450,28 Seats available
Biswanath Charali to Guwahati,https://www.redbus.in/bus-tickets/biswanath-charali-to-guwahati,Pranjit Travels (Under ASTC),NON A/C Seater (2+1),23:15,06h 15m,05:30,3.6,INR 500,30 Seats available
Biswanath Charali to Guwahati,https://www.redbus.in/bus-tickets/biswanath-charali-to-guwahati,DESTINY TRAVELS,NON A/C Seater (2+1),00:40,29h 20m,06:00,1.9,447,1 Seat available
Biswanath Charali to Guwahati,https://www.redbus.in/bus-tickets/biswanath-charali-to-guwahati,BLUE HILL TRAVELS INDIA LIMITED,NON A/C Seater Semi Sleeper (2+1),20:00,07h 30m,03:30,2.5,INR 450,31 Seats available
Biswanath Charali to Guwahati,https://www.redbus.in/bus-tickets/biswanath-charali-to-guwahati,DONYI POLO EXPRESS,Non AC Seater (2+1),23:45,06h 15m,06:00,4.3,400,22 Seats available
Biswanath Charali to Guwahati,https://www.redbus.in/bus-tickets/biswanath-charali-to-guwahati,Chartered Bus - ASTC,A/C Seater Push Back (2+2),11:00,05h 15m,16:15,0,INR 702.26,6 Seats available
Dibrugarh to North Lakhimpur,https://www.redbus.in/bus-tickets/dibrugarh-to-north-lakhimpur,PANKAJ TRAVELS,NON A/C Hi-Tech Push Back (2+2),12:30,04h 40m,17:10,3.3,INR 240,33 Seats available
Dibrugarh to North Lakhimpur,https://www.redbus.in/bus-tickets/dibrugarh-to-north-lakhimpur,Maa Jagadamba,A/C Seater Push Back (2+2),16:15,03h 15m,19:30,3.6,INR 260,39 Seats available
Dibrugarh to North Lakhimpur,https://www.redbus.in/bus-tickets/dibrugarh-to-north-lakhimpur,Maa Jagadamba,NON A/C Seater (2+3),16:20,03h 10m,19:30,3.6,INR 250,39 Seats available
Dibrugarh to North Lakhimpur,https://www.redbus.in/bus-tickets/dibrugarh-to-north-lakhimpur,BARBIE TRAVELS,NON A/C Hi-Tech Push Back (2+2),13:30,05h 00m,18:30,2.7,INR 240,40 Seats available
Dibrugarh to North Lakhimpur,https://www.redbus.in/bus-tickets/dibrugarh-to-north-lakhimpur,BARBIE TRAVELS,NON A/C Hi-Tech Push Back (2+2),15:30,04h 00m,19:30,2.7,INR 240,40 Seats available
Dibrugarh to North Lakhimpur,https://www.redbus.in/bus-tickets/dibrugarh-to-north-lakhimpur,Air Bus Travels,NON AC Seater / Sleeper 2+1,19:40,05h 20m,01:00,3.6,INR 400,37 Seats available
Dibrugarh to North Lakhimpur,https://www.redbus.in/bus-tickets/dibrugarh-to-north-lakhimpur,Air Bus Travels,NON AC Seater / Sleeper 2+1,21:15,04h 45m,02:00,3.7,INR 400,42 Seats available
Tumuki (Tezpur Medical) to Guwahati,https://www.redbus.in/bus-tickets/tumuki-tezpur-medical-to-guwahati,Assam State Transport Corporation (ASTC) - 161055,Volvo AC Seater 2+2,15:15,05h 15m,20:30,3.2,INR 316,22 Seats available
Tumuki (Tezpur Medical) to Guwahati,https://www.redbus.in/bus-tickets/tumuki-tezpur-medical-to-guwahati,Upasana Travels (Under ASTC),A/C Seater (2+2),06:45,03h 55m,10:40,2.6,INR 275,23 Seats available
Biswanath Charali to Dibrugarh,https://www.redbus.in/bus-tickets/biswanath-charali-to-dibrugarh,Air Bus Travels,NON AC Seater / Sleeper 2+1,18:30,07h 30m,02:00,3.0,INR 600,46 Seats available
Gohpur to Guwahati,https://www.redbus.in/bus-tickets/gohpur-to-guwahati,Assam State Transport Corporation (ASTC) - 153223,Bharat Benz A/C Seater (2+2),06:45,06h 45m,13:30,4.5,INR 503,21 Seats available
Gohpur to Guwahati,https://www.redbus.in/bus-tickets/gohpur-to-guwahati,Assam State Transport Corporation (ASTC) - 170878,Bharat Benz A/C Seater (2+2),08:30,06h 45m,15:15,4.8,INR 503,17 Seats available
Gohpur to Guwahati,https://www.redbus.in/bus-tickets/gohpur-to-guwahati,Chartered Bus - ASTC,A/C Seater Push Back (2+2),09:30,06h 45m,16:15,4.6,INR 723.81,6 Seats available
Gohpur to Guwahati,https://www.redbus.in/bus-tickets/gohpur-to-guwahati,KIRAN TRAVELS,A/C Seater (2+1),22:50,08h 40m,07:30,4.3,500,11 Seats available
Gohpur to Guwahati,https://www.redbus.in/bus-tickets/gohpur-to-guwahati,Pranjit Travels (Under ASTC),NON A/C Seater (2+1),09:20,07h 25m,16:45,4.1,INR 570,25 Seats available
Gohpur to Guwahati,https://www.redbus.in/bus-tickets/gohpur-to-guwahati,Deep Travels,NON AC Seater / Sleeper 2+1,22:20,06h 40m,05:00,3.8,INR 499,29 Seats available
Gohpur to Guwahati,https://www.redbus.in/bus-tickets/gohpur-to-guwahati,Yatra Travels,NON AC Seater/ Sleeper (2+1),23:00,07h 00m,06:00,4.7,450,11 Seats available
Gohpur to Guwahati,https://www.redbus.in/bus-tickets/gohpur-to-guwahati,PARIJAT TRAVELS(UNDER ASTC),NON A/C Seater (2+1),23:11,07h 19m,06:30,3.5,375,22 Seats available
Gohpur to Guwahati,https://www.redbus.in/bus-tickets/gohpur-to-guwahati,Laxmi Travels,Bharat Benz A/C Seater /Sleeper (2+1),22:45,07h 15m,06:00,3.1,500,36 Seats available
Gohpur to Guwahati,https://www.redbus.in/bus-tickets/gohpur-to-guwahati,Drishti Travels,NON A/C Seater (2+1),21:00,08h 30m,05:30,3.2,432,26 Seats available
Gohpur to Guwahati,https://www.redbus.in/bus-tickets/gohpur-to-guwahati,Drishti Travels,NON A/C Seater (2+1),21:00,08h 00m,05:00,3.3,432,32 Seats available
Gohpur to Guwahati,https://www.redbus.in/bus-tickets/gohpur-to-guwahati,Pranjit Travels (Under ASTC),Bharat Benz A/C Seater (2+1),22:45,07h 30m,06:15,3.8,INR 650,21 Seats available
Gohpur to Guwahati,https://www.redbus.in/bus-tickets/gohpur-to-guwahati,BLUE HILL TRAVELS INDIA LIMITED,NON A/C Seater Semi Sleeper (2+1),20:15,07h 30m,03:45,3.6,450,28 Seats available
Gohpur to Guwahati,https://www.redbus.in/bus-tickets/gohpur-to-guwahati,MAHARATHI TRANSPORT,NON A/C Seater (2+1),22:15,06h 45m,05:00,4.0,450,34 Seats available
Gohpur to Guwahati,https://www.redbus.in/bus-tickets/gohpur-to-guwahati,MAHARATHI TRANSPORT,NON A/C Semi Sleeper (2+1),21:30,08h 00m,05:30,2.6,450,28 Seats available
Gohpur to Guwahati,https://www.redbus.in/bus-tickets/gohpur-to-guwahati,DONYI POLO EXPRESS,Non AC Seater (2+1),22:30,07h 30m,06:00,3.9,400,22 Seats available
Gohpur to Guwahati,https://www.redbus.in/bus-tickets/gohpur-to-guwahati,NORTH EAST TRAVELS(UNDER ASTC),NON A/C Seater (2+1),20:00,10h 00m,06:00,3.2,450,26 Seats available
Gohpur to Guwahati,https://www.redbus.in/bus-tickets/gohpur-to-guwahati,RAYAN TRAVELS,Non A/C Seater / Sleeper (2+1),22:20,07h 40m,06:00,3.9,400,46 Seats available
Gohpur to Guwahati,https://www.redbus.in/bus-tickets/gohpur-to-guwahati,Island Travels (Under ASTC),Non AC Seater (2+1),22:30,07h 30m,06:00,3.1,450,27 Seats available
Gohpur to Guwahati,https://www.redbus.in/bus-tickets/gohpur-to-guwahati,Island Travels (Under ASTC),Non AC Seater (2+1),22:45,07h 00m,05:45,4.1,450,32 Seats available
Gohpur to Guwahati,https://www.redbus.in/bus-tickets/gohpur-to-guwahati,GURUNANAK TRAVELS,NON A/C Seater (2+1),21:00,08h 00m,05:00,4.6,INR 500,32 Seats available
Gohpur to Guwahati,https://www.redbus.in/bus-tickets/gohpur-to-guwahati,Yatra Travels,NON AC Seater/ Sleeper (2+1),22:35,07h 40m,06:15,4.1,450,25 Seats available
Gohpur to Guwahati,https://www.redbus.in/bus-tickets/gohpur-to-guwahati,Pranjit Travels (Under ASTC),A/C Seater / Sleeper (2+1),23:05,06h 55m,06:00,4.2,INR 620,34 Seats available
Gohpur to Guwahati,https://www.redbus.in/bus-tickets/gohpur-to-guwahati,Karisma (Aziba),NON A/C Seater (2+1),07:40,06h 30m,14:10,2.6,INR 480,22 Seats available
Gohpur to Guwahati,https://www.redbus.in/bus-tickets/gohpur-to-guwahati,Pranjit Travels (Under ASTC),Non AC Seater (2+1),22:30,08h 00m,06:30,3.3,INR 570,28 Seats available
Gohpur to Guwahati,https://www.redbus.in/bus-tickets/gohpur-to-guwahati,Pranjit Travels (Under ASTC),NON A/C Seater (2+1),21:45,07h 45m,05:30,1.9,INR 570,30 Seats available
Gohpur to Guwahati,https://www.redbus.in/bus-tickets/gohpur-to-guwahati,Sylvan DEE Transport,Non AC Seater (2+1),21:05,07h 55m,05:00,0,INR 470,2 Seats available
Gohpur to Guwahati,https://www.redbus.in/bus-tickets/gohpur-to-guwahati,DESTINY TRAVELS,NON A/C Seater (2+1),11:15,18h 45m,06:00,0,494,1 Seat available
Sibsagar to Dhemaji,https://www.redbus.in/bus-tickets/sibsagar-to-dhemaji,Assam State Transport Corporation (ASTC) - 173043,Non AC Seater (2+2),07:30,02h 00m,09:30,3.2,INR 150,1 Seat available
North Lakhimpur to Guwahati,https://www.redbus.in/bus-tickets/north-lakhimpur-to-guwahati,Assam State Transport Corporation (ASTC) - 170878,Bharat Benz A/C Seater (2+2),07:00,08h 15m,15:15,4.3,INR 630,12 Seats available
North Lakhimpur to Guwahati,https://www.redbus.in/bus-tickets/north-lakhimpur-to-guwahati,KIRAN TRAVELS,A/C Seater (2+1),21:20,10h 10m,07:30,4.4,600,11 Seats available
North Lakhimpur to Guwahati,https://www.redbus.in/bus-tickets/north-lakhimpur-to-guwahati,Pranjit Travels (Under ASTC),Bharat Benz A/C Seater (2+1),21:00,09h 15m,06:15,4.0,INR 750,21 Seats available
North Lakhimpur to Guwahati,https://www.redbus.in/bus-tickets/north-lakhimpur-to-guwahati,AdNETWORK TRAVELS,NON A/C Seater Push Back (2+1),20:30,08h 30m,05:00,4.7,550,27 Seats available
North Lakhimpur to Guwahati,https://www.redbus.in/bus-tickets/north-lakhimpur-to-guwahati,Chartered Bus - ASTC,A/C Seater Push Back (2+2),07:45,08h 30m,16:15,4.5,INR 723.81,6 Seats available
North Lakhimpur to Guwahati,https://www.redbus.in/bus-tickets/north-lakhimpur-to-guwahati,Deep Travels,NON AC Seater / Sleeper 2+1,19:30,09h 30m,05:00,3.9,INR 549,28 Seats available
North Lakhimpur to Guwahati,https://www.redbus.in/bus-tickets/north-lakhimpur-to-guwahati,PARIJAT TRAVELS(UNDER ASTC),NON A/C Seater (2+1),20:56,09h 34m,06:30,3.7,475,22 Seats available
North Lakhimpur to Guwahati,https://www.redbus.in/bus-tickets/north-lakhimpur-to-guwahati,AdYatra Travels,NON AC Seater/ Sleeper (2+1),20:30,09h 30m,06:00,3.8,550,11 Seats available
North Lakhimpur to Guwahati,https://www.redbus.in/bus-tickets/north-lakhimpur-to-guwahati,RAYAN TRAVELS,Non A/C Seater / Sleeper (2+1),20:15,09h 45m,06:00,4.0,500,45 Seats available
North Lakhimpur to Guwahati,https://www.redbus.in/bus-tickets/north-lakhimpur-to-guwahati,Pranjit Travels (Under ASTC),NON A/C Seater (2+1),07:15,09h 30m,16:45,4.2,INR 650,24 Seats available
North Lakhimpur to Guwahati,https://www.redbus.in/bus-tickets/north-lakhimpur-to-guwahati,Island Travels (Under ASTC),Non AC Seater (2+1),20:45,09h 15m,06:00,3.0,500,27 Seats available
North Lakhimpur to Guwahati,https://www.redbus.in/bus-tickets/north-lakhimpur-to-guwahati,Laxmi Travels,Bharat Benz A/C Seater /Sleeper (2+1),20:40,09h 20m,06:00,3.8,600,29 Seats available
North Lakhimpur to Guwahati,https://www.redbus.in/bus-tickets/north-lakhimpur-to-guwahati,DONYI POLO EXPRESS,Non AC Seater (2+1),20:55,09h 05m,06:00,3.5,500,22 Seats available
North Lakhimpur to Guwahati,https://www.redbus.in/bus-tickets/north-lakhimpur-to-guwahati,Pranjit Travels (Under ASTC),A/C Seater / Sleeper (2+1),21:15,08h 45m,06:00,3.7,INR 700,36 Seats available
North Lakhimpur to Guwahati,https://www.redbus.in/bus-tickets/north-lakhimpur-to-guwahati,Swapna Super(Under ASTC),Non AC Seater (2+1),19:00,10h 00m,05:00,3.2,540,32 Seats available
North Lakhimpur to Guwahati,https://www.redbus.in/bus-tickets/north-lakhimpur-to-guwahati,NETWORK TRAVELS,NON A/C Seater (2+1),08:00,09h 00m,17:00,3.9,550,7 Seats available
North Lakhimpur to Guwahati,https://www.redbus.in/bus-tickets/north-lakhimpur-to-guwahati,MAHARATHI TRANSPORT,NON A/C Seater (2+1),20:20,08h 40m,05:00,4.0,540,30 Seats available
North Lakhimpur to Guwahati,https://www.redbus.in/bus-tickets/north-lakhimpur-to-guwahati,NETWORK TRAVELS,NON A/C Seater Push Back (2+1),19:30,09h 30m,05:00,3.1,INR 650,31 Seats available
North Lakhimpur to Guwahati,https://www.redbus.in/bus-tickets/north-lakhimpur-to-guwahati,Island Travels (Under ASTC),Non AC Seater (2+1),20:15,09h 30m,05:45,3.1,500,32 Seats available
North Lakhimpur to Guwahati,https://www.redbus.in/bus-tickets/north-lakhimpur-to-guwahati,GURUNANAK TRAVELS,NON A/C Seater (2+1),18:30,10h 30m,05:00,3.9,INR 600,32 Seats available
North Lakhimpur to Guwahati,https://www.redbus.in/bus-tickets/north-lakhimpur-to-guwahati,MAHARATHI TRANSPORT,NON A/C Semi Sleeper (2+1),19:30,10h 00m,05:30,4.6,INR 600,28 Seats available
North Lakhimpur to Guwahati,https://www.redbus.in/bus-tickets/north-lakhimpur-to-guwahati,Pranjit Travels (Under ASTC),NON A/C Seater (2+1),20:45,09h 45m,06:30,4.1,INR 650,27 Seats available
North Lakhimpur to Guwahati,https://www.redbus.in/bus-tickets/north-lakhimpur-to-guwahati,Yatra Travels,NON AC Seater/ Sleeper (2+1),20:40,09h 35m,06:15,3.9,550,25 Seats available
North Lakhimpur to Guwahati,https://www.redbus.in/bus-tickets/north-lakhimpur-to-guwahati,Pranjit Travels (Under ASTC),NON A/C Seater (2+1),19:45,09h 45m,05:30,3.2,INR 600,30 Seats available
North Lakhimpur to Guwahati,https://www.redbus.in/bus-tickets/north-lakhimpur-to-guwahati,Karisma (Aziba),NON A/C Seater (2+1),05:35,08h 35m,14:10,2.8,INR 550,22 Seats available
North Lakhimpur to Guwahati,https://www.redbus.in/bus-tickets/north-lakhimpur-to-guwahati,Drishti Travels,NON A/C Seater (2+1),18:30,11h 00m,05:30,1.9,540,26 Seats available
North Lakhimpur to Guwahati,https://www.redbus.in/bus-tickets/north-lakhimpur-to-guwahati,Drishti Travels,NON A/C Seater (2+1),18:30,10h 30m,05:00,1.9,540,32 Seats available
North Lakhimpur to Guwahati,https://www.redbus.in/bus-tickets/north-lakhimpur-to-guwahati,Green Valley Travels,Non AC Seater (2+2),07:00,10h 00m,17:00,3.3,INR 550,45 Seats available
North Lakhimpur to Guwahati,https://www.redbus.in/bus-tickets/north-lakhimpur-to-guwahati,DESTINY TRAVELS,NON A/C Seater (2+1),20:20,09h 40m,06:00,0,542,1 Seat available
North Lakhimpur to Guwahati,https://www.redbus.in/bus-tickets/north-lakhimpur-to-guwahati,Sylvan DEE Transport,Non AC Seater (2+1),06:30,10h 30m,17:00,0,INR 570,11 Seats available
Haflong to Guwahati,https://www.redbus.in/bus-tickets/haflong-to-guwahati,Deep Travels,Non AC Seater (2+1),17:45,10h 45m,04:30,4.0,INR 599,31 Seats available
Haflong to Guwahati,https://www.redbus.in/bus-tickets/haflong-to-guwahati,NETWORK TRAVELS,NON A/C Seater (2+1),18:00,10h 00m,04:00,4.4,600,23 Seats available
Tezpur to Moran,https://www.redbus.in/bus-tickets/tezpur-to-moran,Assam State Transport Corporation (ASTC) - 96880,A/C Seater (2+1),08:00,06h 45m,14:45,3.5,INR 405,25 Seats available
Tezpur to Moran,https://www.redbus.in/bus-tickets/tezpur-to-moran,Aniruddha Travels,AC Seater (2+2),07:50,07h 10m,15:00,4.1,INR 570,41 Seats available
Tezpur to Moran,https://www.redbus.in/bus-tickets/tezpur-to-moran,SANJEEBANI TRAVELS,Non A/C Seater / Sleeper (2+1),21:30,05h 30m,03:00,3.1,INR 600,50 Seats available
Tezpur to Moran,https://www.redbus.in/bus-tickets/tezpur-to-moran,MOON TRAVELS,AC Seater (2+2),07:15,07h 00m,14:15,3.9,475,40 Seats available
Tezpur to Moran,https://www.redbus.in/bus-tickets/tezpur-to-moran,PIHU TRANSPORT,Bharat Benz NON A/C Seater / Sleeper (2+1),19:45,07h 15m,03:00,2.6,INR 520,50 Seats available
Tezpur to Moran,https://www.redbus.in/bus-tickets/tezpur-to-moran,Neha Travels,NON A/C Seater (2+2),22:10,05h 20m,03:30,1.9,INR 650,35 Seats available
Tezpur to Moran,https://www.redbus.in/bus-tickets/tezpur-to-moran,Maa Laxmi,NON A/C Seater Push Back (2+1),22:15,06h 45m,05:00,1.8,INR 500,36 Seats available
Tezpur to Moran,https://www.redbus.in/bus-tickets/tezpur-to-moran,Neha Travels,NON A/C Seater (2+2),21:50,07h 40m,05:30,1.9,INR 650,33 Seats available
Moran to Tezpur,https://www.redbus.in/bus-tickets/moran-to-tezpur,Aniruddha Travels,AC Seater (2+2),08:25,07h 10m,15:35,4.5,INR 570,39 Seats available
Moran to Tezpur,https://www.redbus.in/bus-tickets/moran-to-tezpur,SANJEEBANI TRAVELS,Non A/C Seater / Sleeper (2+1),20:15,06h 45m,03:00,3.4,INR 600,38 Seats available
Moran to Tezpur,https://www.redbus.in/bus-tickets/moran-to-tezpur,Aniruddha Travels,NON A/C Seater/ Sleeper (2+1),20:45,07h 15m,04:00,2.7,INR 550,43 Seats available
Moran to Tezpur,https://www.redbus.in/bus-tickets/moran-to-tezpur,PIHU TRANSPORT,Bharat Benz NON A/C Seater / Sleeper (2+1),20:45,07h 45m,04:30,2.6,INR 520,50 Seats available
Moran to Tezpur,https://www.redbus.in/bus-tickets/moran-to-tezpur,Maa Laxmi,NON A/C Seater Push Back (2+1),18:30,06h 30m,01:00,2.9,INR 500,36 Seats available
Moran to Tezpur,https://www.redbus.in/bus-tickets/moran-to-tezpur,MOON TRAVELS,AC Seater (2+2),10:30,06h 30m,17:00,2.7,523,39 Seats available
Moran to Tezpur,https://www.redbus.in/bus-tickets/moran-to-tezpur,Neha Travels,NON A/C Seater (2+2),18:00,09h 15m,03:15,2.5,INR 650,35 Seats available
Moran to Tezpur,https://www.redbus.in/bus-tickets/moran-to-tezpur,Neha Travels,Non AC Seater (2+1),18:30,10h 30m,05:00,2.5,INR 650,35 Seats available
Bokakhat to Dibrugarh,https://www.redbus.in/bus-tickets/bokakhat-to-dibrugarh,Assam State Transport Corporation (ASTC) - 139495,NON A/C Seater Push Back (2+1),07:30,06h 30m,14:00,3.3,INR 273,25 Seats available
Bokakhat to Dibrugarh,https://www.redbus.in/bus-tickets/bokakhat-to-dibrugarh,Slumber 37,Bharat Benz A/C Sleeper (2+1),01:00,05h 00m,06:00,4.3,675,15 Seats available
Bokakhat to Dibrugarh,https://www.redbus.in/bus-tickets/bokakhat-to-dibrugarh,MOON TRAVELS,AC Seater (2+2),09:45,05h 35m,15:20,3.2,523,40 Seats available
Bokakhat to Dibrugarh,https://www.redbus.in/bus-tickets/bokakhat-to-dibrugarh,Aniruddha Travels,AC Seater (2+2),10:15,06h 00m,16:15,3.3,INR 570,37 Seats available
Bokakhat to Dibrugarh,https://www.redbus.in/bus-tickets/bokakhat-to-dibrugarh,SHIVAM TRAVELS,Bharat Benz A/C Seater (2+1),12:15,04h 45m,17:00,4.0,INR 550,19 Seats available
North Lakhimpur to Nagaon (Assam),https://www.redbus.in/bus-tickets/north-lakhimpur-to-nagaon,Assam State Transport Corporation (ASTC) - 170878,Bharat Benz A/C Seater (2+2),07:00,05h 45m,12:45,4.7,INR 441,17 Seats available
North Lakhimpur to Nagaon (Assam),https://www.redbus.in/bus-tickets/north-lakhimpur-to-nagaon,Karisma (Aziba),NON A/C Seater (2+1),05:35,06h 05m,11:40,3.6,INR 500,25 Seats available
North Lakhimpur to Nagaon (Assam),https://www.redbus.in/bus-tickets/north-lakhimpur-to-nagaon,Pranjit Travels (Under ASTC),NON A/C Seater (2+1),07:15,07h 00m,14:15,4.5,INR 550,26 Seats available
North Lakhimpur to Nagaon (Assam),https://www.redbus.in/bus-tickets/north-lakhimpur-to-nagaon,Chartered Bus - ASTC,A/C Seater Push Back (2+2),07:45,05h 30m,13:15,3.5,INR 745.37,6 Seats available
North Lakhimpur to Nagaon (Assam),https://www.redbus.in/bus-tickets/north-lakhimpur-to-nagaon,GURUNANAK TRAVELS,NON A/C Seater (2+1),18:30,08h 30m,03:00,3.7,INR 600,32 Seats available
North Lakhimpur to Nagaon (Assam),https://www.redbus.in/bus-tickets/north-lakhimpur-to-nagaon,MAHARATHI TRANSPORT,NON A/C Semi Sleeper (2+1),19:30,07h 35m,03:05,3.9,495,25 Seats available
North Lakhimpur to Nagaon (Assam),https://www.redbus.in/bus-tickets/north-lakhimpur-to-nagaon,Drishti Travels,NON A/C Seater (2+1),18:30,08h 30m,03:00,4.3,450,18 Seats available
North Lakhimpur to Nagaon (Assam),https://www.redbus.in/bus-tickets/north-lakhimpur-to-nagaon,Drishti Travels,NON A/C Seater (2+1),18:30,08h 00m,02:30,4.3,450,32 Seats available
North Lakhimpur to Nagaon (Assam),https://www.redbus.in/bus-tickets/north-lakhimpur-to-nagaon,MAHARATHI TRANSPORT,NON A/C Seater (2+1),20:20,06h 40m,03:00,3.9,495,30 Seats available
North Lakhimpur to Nagaon (Assam),https://www.redbus.in/bus-tickets/north-lakhimpur-to-nagaon,PARIJAT TRAVELS(UNDER ASTC),NON A/C Seater (2+1),20:56,06h 04m,03:00,3.9,425,22 Seats available
North Lakhimpur to Nagaon (Assam),https://www.redbus.in/bus-tickets/north-lakhimpur-to-nagaon,Yatra Travels,NON AC Seater/ Sleeper (2+1),20:30,08h 00m,04:30,4.5,500,15 Seats available
North Lakhimpur to Nagaon (Assam),https://www.redbus.in/bus-tickets/north-lakhimpur-to-nagaon,DESTINY TRAVELS,NON AC Seater / Sleeper 2+1,20:20,05h 10m,01:30,2.0,447,35 Seats available
North Lakhimpur to Nagaon (Assam),https://www.redbus.in/bus-tickets/north-lakhimpur-to-nagaon,DONYI POLO EXPRESS,Non AC Seater (2+1),20:55,06h 50m,03:45,2.9,550,22 Seats available
North Lakhimpur to Nagaon (Assam),https://www.redbus.in/bus-tickets/north-lakhimpur-to-nagaon,KIRAN TRAVELS,A/C Seater (2+1),21:20,07h 10m,04:30,0,580,11 Seats available
Bihpuria to Dibrugarh,https://www.redbus.in/bus-tickets/bihpuria-to-dibrugarh,Assam State Transport Corporation (ASTC) - 147552,Bharat Benz A/C Seater (2+2),06:30,04h 15m,10:45,4.4,INR 292.6,19 Seats available
Guwahati to Golaghat,https://www.redbus.in/bus-tickets/guwahati-to-golaghat,RATNAGIRI TRANSPORT,Bharat Benz A/C Seater (2+1),14:10,06h 45m,20:55,4.3,555,28 Seats available
Guwahati to Golaghat,https://www.redbus.in/bus-tickets/guwahati-to-golaghat,RATNAGIRI TRANSPORT,Bharat Benz A/C Seater /Sleeper (2+1),09:15,07h 00m,16:15,4.2,555,29 Seats available
Guwahati to Golaghat,https://www.redbus.in/bus-tickets/guwahati-to-golaghat,NAMBOR TRANSPORT,Bharat Benz A/C Seater (2+1),21:00,07h 00m,04:00,4.2,INR 600,27 Seats available
Guwahati to Golaghat,https://www.redbus.in/bus-tickets/guwahati-to-golaghat,NAMBOR TRANSPORT,Bharat Benz A/C Seater (2+1),14:00,06h 45m,20:45,4.1,INR 600,24 Seats available
Guwahati to Golaghat,https://www.redbus.in/bus-tickets/guwahati-to-golaghat,NAMBOR TRANSPORT,NON A/C Seater (2+1),08:30,07h 15m,15:45,4.0,INR 500,28 Seats available
Guwahati to Golaghat,https://www.redbus.in/bus-tickets/guwahati-to-golaghat,NAMBOR TRANSPORT,Bharat Benz A/C Seater (2+1),06:30,06h 30m,13:00,3.9,INR 600,24 Seats available
Guwahati to Golaghat,https://www.redbus.in/bus-tickets/guwahati-to-golaghat,RATNAGIRI TRANSPORT,Bharat Benz A/C Seater /Sleeper (2+1),21:31,06h 59m,04:30,3.8,INR 600,36 Seats available
Guwahati to Golaghat,https://www.redbus.in/bus-tickets/guwahati-to-golaghat,NAMBOR TRANSPORT,NON A/C Seater (2+1),20:30,06h 45m,03:15,3.5,INR 500,25 Seats available
Guwahati to Golaghat,https://www.redbus.in/bus-tickets/guwahati-to-golaghat,NAMBOR TRANSPORT,Bharat Benz A/C Seater (2+1),10:00,06h 45m,16:45,4.0,INR 600,26 Seats available
Guwahati to Golaghat,https://www.redbus.in/bus-tickets/guwahati-to-golaghat,ZAMZAM TRAVELS,NON A/C Seater (2+1),20:15,07h 15m,03:30,3.9,INR 500,35 Seats available
Guwahati to Golaghat,https://www.redbus.in/bus-tickets/guwahati-to-golaghat,ZAMZAM TRAVELS,NON A/C Seater (2+1),13:05,07h 25m,20:30,3.5,INR 480,33 Seats available
Jorhat to Gogamukh,https://www.redbus.in/bus-tickets/jorhat-to-gogamukh,Assam State Transport Corporation (ASTC) - 142178,Bharat Benz A/C Seater (2+2),06:45,05h 15m,12:00,3.2,INR 339,3 Seats available
Dibrugarh to Biswanath Charali,https://www.redbus.in/bus-tickets/dibrugarh-to-biswanath-charali,Air Bus Travels,NON AC Seater / Sleeper 2+1,19:40,09h 20m,05:00,2.9,INR 600,30 Seats available
Golaghat to North Lakhimpur,https://www.redbus.in/bus-tickets/golaghat-to-north-lakhimpur,Assam State Transport Corporation (ASTC) - 142178,Bharat Benz A/C Seater (2+2),05:40,07h 20m,13:00,4.7,INR 503,1 Seat available
